"Sr. No.","HS Code","HS Description","Country Name","April-2019-20_INR_Cr","April-2019-20_USD_Mn","April-2020-21_INR_Cr","April-2020-21_USD_Mn","April-2021-22_INR_Cr","April-2021-22_USD_Mn","April-2022-23_INR_Cr","April-2022-23_USD_Mn","April-2023-24_INR_Cr","April-2023-24_USD_Mn","April-2024-25_INR_Cr","April-2024-25_USD_Mn","April-2025-26_INR_Cr","April-2025-26_USD_Mn","April-2026-27_INR_Cr","April-2026-27_USD_Mn","August-2019-20_INR_Cr","August-2019-20_USD_Mn","August-2020-21_INR_Cr","August-2020-21_USD_Mn","August-2021-22_INR_Cr","August-2021-22_USD_Mn","August-2022-23_INR_Cr","August-2022-23_USD_Mn","August-2023-24_INR_Cr","August-2023-24_USD_Mn","August-2024-25_INR_Cr","August-2024-25_USD_Mn","August-2025-26_INR_Cr","August-2025-26_USD_Mn","December-2019-20_INR_Cr","December-2019-20_USD_Mn","December-2020-21_INR_Cr","December-2020-21_USD_Mn","December-2021-22_INR_Cr","December-2021-22_USD_Mn","December-2022-23_INR_Cr","December-2022-23_USD_Mn","December-2023-24_INR_Cr","December-2023-24_USD_Mn","December-2024-25_INR_Cr","December-2024-25_USD_Mn","December-2025-26_INR_Cr","December-2025-26_USD_Mn","February-2019-20_INR_Cr","February-2019-20_USD_Mn","February-2020-21_INR_Cr","February-2020-21_USD_Mn","February-2021-22_INR_Cr","February-2021-22_USD_Mn","February-2022-23_INR_Cr","February-2022-23_USD_Mn","February-2023-24_INR_Cr","February-2023-24_USD_Mn","February-2024-25_INR_Cr","February-2024-25_USD_Mn","February-2025-26_INR_Cr","February-2025-26_USD_Mn","January-2019-20_INR_Cr","January-2019-20_USD_Mn","January-2020-21_INR_Cr","January-2020-21_USD_Mn","January-2021-22_INR_Cr","January-2021-22_USD_Mn","January-2022-23_INR_Cr","January-2022-23_USD_Mn","January-2023-24_INR_Cr","January-2023-24_USD_Mn","January-2024-25_INR_Cr","January-2024-25_USD_Mn","January-2025-26_INR_Cr","January-2025-26_USD_Mn","July-2019-20_INR_Cr","July-2019-20_USD_Mn","July-2020-21_INR_Cr","July-2020-21_USD_Mn","July-2021-22_INR_Cr","July-2021-22_USD_Mn","July-2022-23_INR_Cr","July-2022-23_USD_Mn","July-2023-24_INR_Cr","July-2023-24_USD_Mn","July-2024-25_INR_Cr","July-2024-25_USD_Mn","July-2025-26_INR_Cr","July-2025-26_USD_Mn","June-2019-20_INR_Cr","June-2019-20_USD_Mn","June-2020-21_INR_Cr","June-2020-21_USD_Mn","June-2021-22_INR_Cr","June-2021-22_USD_Mn","June-2022-23_INR_Cr","June-2022-23_USD_Mn","June-2023-24_INR_Cr","June-2023-24_USD_Mn","June-2024-25_INR_Cr","June-2024-25_USD_Mn","June-2025-26_INR_Cr","June-2025-26_USD_Mn","June-2026-27_INR_Cr","June-2026-27_USD_Mn","March-2019-20_INR_Cr","March-2019-20_USD_Mn","March-2020-21_INR_Cr","March-2020-21_USD_Mn","March-2021-22_INR_Cr","March-2021-22_USD_Mn","March-2022-23_INR_Cr","March-2022-23_USD_Mn","March-2023-24_INR_Cr","March-2023-24_USD_Mn","March-2024-25_INR_Cr","March-2024-25_USD_Mn","March-2025-26_INR_Cr","March-2025-26_USD_Mn","May-2019-20_INR_Cr","May-2019-20_USD_Mn","May-2020-21_INR_Cr","May-2020-21_USD_Mn","May-2021-22_INR_Cr","May-2021-22_USD_Mn","May-2022-23_INR_Cr","May-2022-23_USD_Mn","May-2023-24_INR_Cr","May-2023-24_USD_Mn","May-2024-25_INR_Cr","May-2024-25_USD_Mn","May-2025-26_INR_Cr","May-2025-26_USD_Mn","May-2026-27_INR_Cr","May-2026-27_USD_Mn","November-2019-20_INR_Cr","November-2019-20_USD_Mn","November-2020-21_INR_Cr","November-2020-21_USD_Mn","November-2021-22_INR_Cr","November-2021-22_USD_Mn","November-2022-23_INR_Cr","November-2022-23_USD_Mn","November-2023-24_INR_Cr","November-2023-24_USD_Mn","November-2024-25_INR_Cr","November-2024-25_USD_Mn","November-2025-26_INR_Cr","November-2025-26_USD_Mn","October-2019-20_INR_Cr","October-2019-20_USD_Mn","October-2020-21_INR_Cr","October-2020-21_USD_Mn","October-2021-22_INR_Cr","October-2021-22_USD_Mn","October-2022-23_INR_Cr","October-2022-23_USD_Mn","October-2023-24_INR_Cr","October-2023-24_USD_Mn","October-2024-25_INR_Cr","October-2024-25_USD_Mn","October-2025-26_INR_Cr","October-2025-26_USD_Mn","September-2019-20_INR_Cr","September-2019-20_USD_Mn","September-2020-21_INR_Cr","September-2020-21_USD_Mn","September-2021-22_INR_Cr","September-2021-22_USD_Mn","September-2022-23_INR_Cr","September-2022-23_USD_Mn","September-2023-24_INR_Cr","September-2023-24_USD_Mn","September-2024-25_INR_Cr","September-2024-25_USD_Mn","September-2025-26_INR_Cr","September-2025-26_USD_Mn"
"1","30","PHARMACEUTICAL PRODUCTS","U S A","3,400.963","489.859","4,300.363","564.082","3,932.031","527.986","4,135.330","542.924","5,889.823","718.089","7,704.851","923.777","7,138.306","834.292","6,849.521","732.176","3,632.885","510.626","4,449.504","595.874","4,070.211","548.660","5,365.964","674.497","4,885.891","590.187","5,852.834","697.627","5,658.876","646.593","4,070.956","571.823","4,373.062","594.218","4,248.932","563.724","4,646.498","563.456","5,762.627","691.969","5,933.995","698.230","6,024.491","668.709","3,733.812","522.295","4,014.022","551.706","3,712.856","495.027","4,710.015","570.161","7,234.384","871.995","7,415.029","851.766","6,133.207","675.979","3,658.615","513.031","4,302.140","588.452","3,805.980","511.271","4,032.663","492.391","4,753.600","571.889","7,344.384","851.368","6,295.856","693.383","3,812.128","554.022","4,575.691","610.146","4,410.567","591.808","4,311.193","541.596","4,596.570","559.521","5,987.986","716.312","6,790.641","788.559","3,921.355","564.720","4,515.926","596.344","4,126.130","560.933","4,326.908","554.202","5,148.015","626.023","6,203.401","743.181","7,272.897","846.637","7,798.877","821.198","3,709.398","498.906","4,435.509","609.333","4,534.591","594.743","5,595.156","679.943","6,886.628","829.738","12,816.426","1,479.313","6,810.701","734.222","3,688.737","528.676","5,263.758","695.713","4,205.898","574.045","4,352.234","562.891","4,586.285","556.971","5,531.651","663.324","6,351.339","745.552","6,956.740","727.711","3,734.102","522.605","3,921.008","528.297","3,479.431","467.060","4,424.030","540.766","5,338.019","640.834","5,082.747","602.475","5,945.182","669.310","3,532.769","497.297","4,390.073","597.630","4,004.391","534.522","4,077.499","495.202","5,428.570","652.196","6,720.936","799.830","6,486.114","733.587","3,981.283","558.121","4,762.235","648.085","3,696.372","502.474","5,002.854","623.552","6,399.176","770.544","6,341.591","756.679","5,549.413","628.312"
"2","30","PHARMACEUTICAL PRODUCTS","RUSSIA","251.497","36.225","221.593","29.067","310.290","41.665","198.729","26.091","223.272","27.221","279.157","33.470","360.208","42.100","297.451","31.796","310.322","43.618","251.977","33.745","289.783","39.062","287.064","36.084","307.203","37.108","342.639","40.841","362.573","41.428","269.358","37.835","469.126","63.745","351.222","46.598","317.081","38.451","263.420","31.631","319.275","37.568","332.754","36.935","179.745","25.143","307.183","42.221","285.667","38.087","237.281","28.724","293.245","35.346","245.027","28.146","335.164","36.941","168.716","23.658","313.153","42.833","220.972","29.684","307.483","37.544","256.004","30.799","238.052","27.595","362.652","39.940","240.323","34.926","190.272","25.372","304.079","40.801","463.358","58.210","246.848","30.048","297.399","35.576","354.875","41.210","253.650","36.529","310.684","41.027","247.443","33.639","253.387","32.454","271.957","33.071","338.234","40.521","327.367","38.109","445.635","46.924","168.044","22.601","298.162","40.960","196.457","25.767","231.754","28.164","358.541","43.199","473.784","54.686","348.566","37.577","216.642","31.049","284.963","37.664","249.381","34.037","183.044","23.674","238.442","28.957","209.134","25.078","333.769","39.180","315.587","33.012","413.289","57.842","331.612","44.680","364.886","48.980","319.353","39.036","250.593","30.084","228.404","27.074","342.807","38.593","357.656","50.346","236.148","32.147","328.441","43.842","311.529","37.834","219.735","26.399","332.150","39.528","312.467","35.340","289.442","40.576","268.466","36.535","421.912","57.354","347.640","43.330","272.487","32.811","259.829","31.003","388.512","43.988"
"3","30","PHARMACEUTICAL PRODUCTS","SOUTH AFRICA","235.268","33.887","251.175","32.947","350.251","47.031","343.834","45.142","381.331","46.492","360.172","43.183","478.139","55.883","551.450","58.947","337.787","47.478","358.427","48.000","373.235","50.312","493.853","62.077","404.596","48.873","500.453","59.651","553.068","63.195","384.227","53.970","619.504","84.179","363.443","48.220","447.822","54.305","631.832","75.870","415.552","48.896","544.302","60.417","458.915","64.194","434.520","59.723","271.510","36.200","374.452","45.328","484.952","58.454","469.757","53.961","612.069","67.460","314.756","44.137","547.736","74.920","292.551","39.299","380.568","46.468","509.915","61.346","464.741","53.873","553.971","61.011","281.874","40.965","373.379","49.788","355.147","47.653","483.648","60.759","368.504","44.856","488.328","58.416","456.596","53.022","336.913","48.519","488.993","64.573","326.909","44.442","339.429","43.475","398.955","48.515","484.594","58.055","456.838","53.180","501.313","52.787","406.521","54.676","590.159","81.074","363.933","47.732","461.204","56.047","649.949","78.309","413.241","47.698","621.222","66.970","229.717","32.923","459.562","60.741","291.672","39.809","276.506","35.762","384.993","46.755","440.953","52.877","431.449","50.646","421.830","44.126","293.717","41.107","470.528","63.397","251.358","33.741","392.335","47.957","434.983","52.220","467.552","55.421","578.583","65.137","303.882","42.776","303.140","41.267","421.155","56.218","359.916","43.711","498.852","59.933","394.591","46.959","503.650","56.963","391.954","54.947","621.323","84.555","439.968","59.808","412.311","51.390","442.710","53.308","488.453","58.282","546.487","61.874"
"4","30","PHARMACEUTICAL PRODUCTS","NIGERIA","221.405","31.890","112.339","14.736","363.756","48.845","345.277","45.331","369.951","45.104","250.170","29.994","377.660","44.139","524.073","56.021","313.406","44.051","287.479","38.499","297.681","40.127","266.213","33.463","360.953","43.601","396.637","47.277","590.603","67.483","200.693","28.190","387.110","52.601","323.604","42.934","235.154","28.516","281.344","33.783","418.381","49.229","393.661","43.696","226.462","31.678","368.745","50.682","275.005","36.666","325.519","39.405","299.795","36.136","325.084","37.343","354.591","39.082","241.298","33.836","384.109","52.539","304.839","40.950","218.521","26.682","263.728","31.728","285.528","33.099","453.936","49.993","174.195","25.316","193.035","25.740","337.169","45.241","327.484","41.140","300.412","36.568","235.881","28.217","503.916","58.517","167.205","24.079","211.474","27.926","291.404","39.615","299.060","38.304","347.281","42.231","282.381","33.830","429.149","49.957","483.607","50.922","213.635","28.733","620.153","85.194","412.403","54.089","414.594","50.383","314.972","37.950","412.134","47.570","456.365","49.198","222.128","31.836","220.328","29.121","219.515","29.961","247.103","31.959","210.976","25.621","197.375","23.668","311.230","36.534","370.216","38.727","252.581","35.350","260.485","35.096","280.317","37.628","224.573","27.450","277.034","33.258","446.360","52.909","612.111","68.912","287.394","40.456","283.766","38.630","406.732","54.292","268.028","32.551","319.488","38.384","363.923","43.309","575.576","65.098","246.449","34.549","382.425","52.044","283.413","38.526","360.536","44.937","297.139","35.779","346.853","41.387","744.209","84.260"
"5","30","PHARMACEUTICAL PRODUCTS","U K","207.497","29.887","313.055","41.064","431.261","57.909","369.597","48.524","399.602","48.720","435.752","52.245","575.952","67.315","650.397","69.524","275.281","38.693","339.564","45.474","381.290","51.397","321.816","40.452","487.006","58.828","586.296","69.883","563.475","64.384","274.984","38.625","445.634","60.553","315.478","41.856","430.477","52.202","541.522","65.025","600.719","70.684","539.298","59.861","286.937","40.137","410.329","56.398","404.584","53.942","406.029","49.151","539.080","64.978","549.075","63.072","630.242","69.463","332.164","46.578","383.429","52.446","354.906","47.676","360.824","44.057","480.422","57.798","551.977","63.986","551.555","60.745","300.835","43.721","400.618","53.420","496.208","66.581","353.771","44.443","443.459","53.980","576.566","68.972","613.141","71.201","264.511","38.093","311.398","41.121","415.415","56.474","335.794","43.009","449.693","54.685","544.538","65.237","540.580","62.929","583.279","61.418","242.448","32.609","484.692","66.585","375.757","49.283","431.837","52.478","550.555","66.334","612.131","70.654","710.150","76.557","270.596","38.782","339.382","44.856","365.441","49.877","296.734","38.378","425.943","51.728","525.159","62.974","524.689","61.591","649.297","67.920","271.798","38.039","380.990","51.333","352.103","47.264","316.185","38.648","429.213","51.527","457.551","54.235","599.733","67.518","230.590","32.459","393.671","53.591","335.322","44.760","295.588","35.898","454.634","54.620","599.292","71.319","500.429","56.599","264.024","37.013","378.542","51.515","350.014","47.580","344.634","42.955","427.187","51.439","566.475","67.592","657.348","74.426"
"6","30","PHARMACEUTICAL PRODUCTS","CANADA","171.035","24.635","193.366","25.364","221.211","29.704","265.306","34.832","250.993","30.601","324.733","38.934","344.038","40.210","491.622","52.552","144.446","20.303","227.962","30.528","226.092","30.477","281.148","35.340","257.635","31.121","401.097","47.809","354.420","40.497","131.431","18.461","280.352","38.095","263.570","34.969","360.498","43.716","334.548","40.172","497.194","58.503","389.826","43.270","150.376","21.035","263.231","36.180","204.163","27.221","236.152","28.587","324.963","39.169","332.985","38.250","432.909","47.714","193.069","27.073","254.528","34.815","231.648","31.118","317.024","38.709","314.263","37.808","378.529","43.879","424.747","46.779","177.432","25.786","206.520","27.538","212.536","28.518","261.583","32.862","301.794","36.736","332.489","39.774","380.989","44.242","159.288","22.939","213.408","28.181","186.763","25.390","267.042","34.203","269.916","32.823","307.511","36.841","452.466","52.671","524.709","55.250","201.113","27.049","227.452","31.246","263.546","34.566","360.339","43.790","358.922","43.245","509.243","58.778","470.275","50.698","130.357","18.683","226.964","29.998","205.355","28.028","284.679","36.819","275.191","33.420","293.952","35.249","379.178","44.510","484.026","50.632","177.847","24.891","237.159","31.954","157.500","21.142","287.612","35.156","278.966","33.490","316.149","37.474","453.725","51.080","170.892","24.056","212.103","28.874","248.674","33.194","249.237","30.269","311.048","37.370","465.448","55.391","346.692","39.211","117.200","16.430","244.905","33.329","224.546","30.524","329.798","41.106","319.704","38.497","413.224","49.306","418.578","47.392"
"7","30","PHARMACEUTICAL PRODUCTS","BRAZIL","161.612","23.278","122.977","16.131","178.789","24.007","222.708","29.239","284.932","34.739","297.756","35.700","355.290","41.525","427.635","45.712","133.060","18.702","190.328","25.489","290.138","39.110","204.157","25.662","293.931","35.505","294.970","35.159","522.321","59.681","150.175","21.094","201.000","27.312","205.762","27.299","317.444","38.495","304.448","36.558","418.666","49.263","446.766","49.590","160.185","22.407","221.113","30.391","233.444","31.125","272.734","33.015","275.172","33.168","357.459","41.061","451.670","49.781","318.077","44.602","219.184","29.980","167.031","22.438","307.856","37.589","209.350","25.186","315.619","36.587","400.986","44.162","148.363","21.562","200.523","26.739","329.592","44.224","295.455","37.117","311.588","37.928","294.969","35.286","458.185","53.206","143.302","20.637","213.849","28.240","288.033","39.157","283.902","36.363","307.998","37.454","309.681","37.100","296.962","34.569","540.158","56.877","201.113","27.049","215.780","29.643","271.312","35.584","270.535","32.876","332.502","40.062","531.274","61.321","484.230","52.202","163.375","23.415","134.397","17.763","225.106","30.724","175.430","22.689","342.089","41.544","338.889","40.638","369.363","43.358","560.026","58.582","243.597","34.093","202.902","27.338","146.191","19.624","295.220","36.086","265.293","31.849","492.635","58.394","561.237","63.184","104.681","14.736","162.108","22.068","216.697","28.926","239.604","29.099","231.513","27.814","418.583","49.814","387.662","43.845","184.742","25.898","263.840","35.906","239.091","32.501","249.102","31.048","291.148","35.058","333.892","39.840","607.497","68.782"
"8","30","PHARMACEUTICAL PRODUCTS","GERMANY","125.711","18.107","216.590","28.410","186.324","25.019","194.317","25.512","270.705","33.004","208.497","24.998","289.288","33.811","435.284","46.529","187.328","26.330","214.177","28.682","164.938","22.233","181.089","22.763","226.344","27.341","319.079","38.033","258.889","29.581","228.416","32.084","177.650","24.139","217.930","28.914","208.829","25.324","256.960","30.855","323.062","38.013","328.937","36.512","181.761","25.425","200.239","27.522","246.314","32.841","237.606","28.763","215.308","25.952","305.591","35.103","437.220","48.189","192.440","26.985","184.381","25.220","173.366","23.289","218.254","26.649","180.730","21.743","329.201","38.161","438.128","48.252","138.285","20.097","210.009","28.004","200.811","26.945","195.558","24.567","233.229","28.390","245.445","29.361","238.489","27.694","161.959","23.324","211.298","27.903","216.248","29.398","166.739","21.356","228.215","27.752","265.970","31.864","279.717","32.562","379.839","39.996","175.397","23.590","229.656","31.549","217.067","28.470","265.687","32.287","299.592","36.096","339.228","39.155","425.973","45.922","164.628","23.595","150.340","19.870","148.145","20.220","187.307","24.225","237.550","28.849","250.938","30.091","305.244","35.831","379.954","39.745","164.767","23.060","177.834","23.960","168.693","22.644","194.235","23.742","226.365","27.175","274.001","32.478","380.075","42.789","143.187","20.156","215.240","29.301","217.635","29.051","182.114","22.117","277.796","33.375","302.210","35.965","261.639","29.592","188.899","26.481","206.487","28.100","201.586","27.403","159.265","19.851","263.332","31.709","298.792","35.652","317.902","35.993"
"9","30","PHARMACEUTICAL PRODUCTS","BELGIUM","125.361","18.056","115.392","15.136","125.095","16.798","378.671","49.715","301.591","36.770","218.118","26.151","262.768","30.711","313.359","33.496","92.326","12.977","199.013","26.652","131.746","17.759","404.062","50.790","317.856","38.395","249.082","29.689","280.911","32.097","144.706","20.326","124.095","16.862","252.637","33.518","587.439","71.236","222.692","26.741","237.020","27.889","305.363","33.895","141.670","19.817","151.502","20.823","294.902","39.319","448.096","54.243","178.247","21.485","249.684","28.681","301.827","33.266","155.671","21.829","119.132","16.295","274.679","36.899","475.038","58.003","225.461","27.124","283.560","32.871","298.178","32.839","88.623","12.880","258.849","34.516","151.156","20.282","476.791","59.897","195.191","23.760","179.205","21.437","284.138","32.995","98.935","14.248","180.242","23.802","181.834","24.720","358.522","45.920","276.978","33.682","230.012","27.556","234.775","27.330","235.206","24.766","99.257","13.350","116.996","16.073","402.836","52.835","309.912","37.662","245.482","29.577","271.517","31.339","335.898","36.211","116.501","16.697","145.414","19.219","131.711","17.977","357.802","46.276","380.153","46.167","264.508","31.718","240.259","28.203","245.353","25.665","125.626","17.582","143.535","19.339","201.124","26.998","350.645","42.861","174.984","21.007","200.530","23.770","214.656","24.166","105.451","14.844","181.857","24.757","141.530","18.892","434.508","52.770","186.569","22.415","234.315","27.885","250.642","28.348","126.767","17.771","189.224","25.751","143.681","19.532","287.876","35.881","201.027","24.206","258.757","30.875","247.204","27.989"
"10","30","PHARMACEUTICAL PRODUCTS","FRANCE","117.921","16.985","141.932","18.617","213.399","28.655","276.450","36.295","347.901","42.416","421.672","50.557","384.546","44.944","564.841","60.378","123.321","17.334","188.680","25.268","246.182","33.185","265.145","33.328","370.153","44.712","340.561","40.593","409.949","46.841","153.407","21.548","222.858","30.282","283.033","37.551","336.530","40.809","424.392","50.960","420.211","49.445","515.418","57.211","158.290","22.142","197.666","27.168","283.522","37.801","364.683","44.146","431.599","52.023","380.964","43.761","574.502","63.319","172.336","24.166","223.881","30.623","251.753","33.819","348.682","42.574","386.748","46.528","395.581","45.856","551.280","60.714","126.172","18.337","183.043","24.408","251.539","33.751","311.564","39.140","349.027","42.486","393.440","47.065","400.676","46.528","116.775","16.817","152.254","20.106","220.546","29.982","269.142","34.472","292.325","35.548","427.999","51.275","425.269","49.505","511.660","53.876","116.262","15.637","255.988","35.167","340.303","44.633","367.362","44.643","521.273","62.806","523.378","60.410","570.496","61.502","141.975","20.348","148.301","19.601","249.298","34.026","218.365","28.242","260.104","31.588","477.186","57.221","366.973","43.077","506.382","52.970","140.423","19.653","164.913","22.220","206.281","27.690","289.540","35.392","322.065","38.664","377.600","44.758","495.190","55.749","136.445","19.207","189.095","25.742","289.089","38.589","237.903","28.893","375.548","45.119","394.830","46.987","462.075","52.261","129.024","18.087","211.408","28.770","248.315","33.755","320.003","39.885","351.980","42.383","405.403","48.373","474.830","53.761"
"11","30","PHARMACEUTICAL PRODUCTS","AUSTRALIA","117.491","16.923","149.069","19.554","199.077","26.732","251.436","33.011","353.466","43.095","248.395","29.781","326.959","38.213","410.016","43.828","153.032","21.510","163.991","21.962","212.008","28.578","239.647","30.123","255.062","30.810","306.242","36.502","399.911","45.695","162.544","22.832","211.647","28.759","207.543","27.536","325.313","39.449","290.370","34.867","323.953","38.118","342.608","38.029","151.249","21.157","204.257","28.074","285.617","38.081","283.292","34.293","278.956","33.624","256.339","29.446","356.293","39.269","185.145","25.962","210.181","28.749","249.315","33.491","268.308","32.761","235.611","28.346","350.307","40.608","389.267","42.871","139.819","20.320","181.735","24.233","201.989","27.103","258.172","32.433","303.554","36.950","325.860","38.981","352.089","40.886","172.378","24.824","181.703","23.995","219.850","29.888","235.190","30.124","329.826","40.108","311.221","37.285","371.258","43.218","408.111","42.973","124.644","16.764","235.387","32.337","244.446","32.061","333.546","40.534","326.719","39.365","386.663","44.630","418.477","45.114","145.726","20.886","202.142","26.717","192.133","26.223","200.403","25.919","298.649","36.269","235.952","28.294","338.469","39.731","327.242","34.231","154.026","21.557","200.431","27.005","204.374","27.434","290.101","35.460","227.571","27.320","270.946","32.116","370.735","41.737","139.229","19.599","212.654","28.949","196.738","26.261","196.817","23.903","286.102","34.373","369.445","43.966","334.927","37.881","144.871","20.309","195.251","26.571","253.118","34.408","278.146","34.668","274.228","33.021","279.891","33.397","310.376","35.141"
"12","30","PHARMACEUTICAL PRODUCTS","NEPAL","117.088","16.865","71.169","9.335","150.618","20.225","128.087","16.816","124.815","15.217","160.063","19.191","160.440","18.752","161.452","17.258","133.529","18.768","98.610","13.206","163.946","22.100","165.529","20.807","164.020","19.813","176.379","21.023","192.149","21.955","138.684","19.480","129.604","17.611","193.106","25.620","154.703","18.760","193.516","23.237","214.991","25.297","215.436","23.913","122.880","17.189","167.453","23.016","125.892","16.785","138.703","16.790","140.051","16.881","157.858","18.133","160.510","17.691","133.765","18.757","137.758","18.843","158.212","21.253","119.928","14.643","170.888","20.559","180.686","20.945","179.915","19.815","122.877","17.858","113.598","15.148","163.680","21.963","145.138","18.233","121.775","14.823","152.630","18.258","181.344","21.059","127.621","18.379","106.834","14.108","162.825","22.136","129.809","16.626","147.356","17.919","170.270","20.399","171.846","20.005","217.406","22.892","92.402","12.428","139.044","19.101","185.333","24.308","158.561","19.269","182.193","21.952","199.258","22.999","195.669","21.094","120.399","17.256","121.849","16.105","169.126","23.083","138.798","17.951","155.938","18.938","153.979","18.464","199.959","23.472","167.242","17.494","121.657","17.026","115.874","15.612","192.289","25.812","172.340","21.066","153.759","18.459","157.701","18.693","207.479","23.358","122.457","17.238","120.631","16.422","179.877","24.011","98.770","11.995","161.797","19.439","155.774","18.538","113.296","12.814","160.345","22.478","132.456","18.026","191.073","25.974","190.594","23.756","196.640","23.678","201.582","24.053","199.799","22.622"
"13","30","PHARMACEUTICAL PRODUCTS","KENYA","116.529","16.784","145.307","19.060","189.496","25.445","204.641","26.867","282.107","34.395","184.983","22.179","297.745","34.799","284.509","30.412","135.318","19.020","79.439","10.638","138.239","18.634","135.994","17.094","246.597","29.788","242.902","28.953","301.548","34.455","167.649","23.549","154.283","20.964","328.183","43.541","201.572","24.444","282.395","33.910","214.792","25.274","269.185","29.879","136.282","19.063","187.404","25.758","153.278","20.436","204.040","24.700","270.468","32.601","411.935","47.319","216.823","23.897","157.504","22.086","135.035","18.470","224.025","30.094","204.236","24.937","297.053","35.737","269.461","31.236","251.752","27.726","100.031","14.538","204.715","27.298","118.490","15.899","217.957","27.381","181.592","22.104","270.715","32.384","265.164","30.792","119.664","17.233","222.524","29.385","126.787","17.236","207.046","26.519","283.096","34.426","365.111","43.741","237.306","27.625","315.735","33.246","165.725","22.290","215.365","29.586","328.819","43.127","284.287","34.548","278.667","33.575","409.913","47.313","304.170","32.791","108.850","15.601","127.022","16.789","127.625","17.419","207.641","26.855","225.023","27.327","279.624","33.531","230.882","27.102","256.040","26.783","148.612","20.799","108.412","14.607","203.766","27.352","243.712","29.790","192.435","23.102","167.152","19.813","294.424","33.146","122.706","17.273","84.023","11.438","128.801","17.193","202.659","24.612","252.034","30.280","261.497","31.120","276.008","31.217","245.049","34.352","129.851","17.671","103.276","14.039","160.249","19.973","264.264","31.821","193.407","23.077","267.075","30.239"
"14","30","PHARMACEUTICAL PRODUCTS","MYANMAR","107.016","15.414","130.051","17.059","70.700","9.494","128.938","16.928","124.702","15.204","123.527","14.810","116.525","13.619","154.664","16.533","135.966","19.111","129.045","17.282","263.232","35.483","177.214","22.276","149.907","18.108","156.618","18.668","114.387","13.070","175.853","24.701","159.317","21.648","671.306","89.065","168.364","20.417","96.910","11.637","132.367","15.575","200.894","22.299","129.268","18.082","65.488","9.001","139.029","18.536","113.649","13.758","102.408","12.344","120.397","13.830","170.711","18.815","125.252","17.564","198.224","27.113","246.951","33.174","141.422","17.268","118.311","14.234","139.795","16.205","166.812","18.372","95.732","13.913","166.133","22.153","142.646","19.140","80.545","10.119","87.386","10.637","106.774","12.773","139.704","16.223","118.143","17.014","151.498","20.006","115.548","15.708","94.344","12.084","114.638","13.940","152.678","18.291","155.867","18.144","245.595","25.860","123.140","16.562","77.187","10.604","168.090","22.046","145.217","17.647","131.426","15.835","129.697","14.970","197.796","21.323","115.577","16.565","130.445","17.241","131.616","17.964","112.532","14.554","154.953","18.818","124.302","14.906","124.555","14.621","203.445","21.281","129.727","18.156","136.902","18.445","115.643","15.523","157.492","19.251","85.686","10.287","102.229","12.118","156.891","17.663","156.077","21.970","151.744","20.657","165.006","22.026","148.723","18.062","119.969","14.413","138.626","16.497","152.426","17.240","162.185","22.736","184.252","25.075","190.355","25.876","166.747","20.783","142.437","17.151","126.448","15.088","160.047","18.121"
"15","30","PHARMACEUTICAL PRODUCTS","PHILIPPINES","100.809","14.520","113.565","14.896","136.404","18.316","159.236","20.906","206.634","25.193","245.450","29.428","247.232","28.895","397.833","42.526","143.851","20.219","209.581","28.067","237.678","32.039","182.749","22.971","229.428","27.714","327.373","39.021","253.148","28.925","160.353","22.524","119.614","16.253","215.090","28.537","226.115","27.420","285.140","34.239","248.894","29.286","299.547","33.249","204.043","28.542","95.551","13.133","168.293","22.438","295.713","35.797","241.867","29.153","290.670","33.389","413.318","45.554","174.281","24.439","143.031","19.564","268.376","36.052","156.322","19.087","227.809","27.407","290.364","33.659","402.585","44.338","131.551","19.118","193.891","25.854","190.225","25.524","197.524","24.814","269.114","32.758","323.037","38.643","329.725","38.289","115.610","16.649","209.241","27.631","151.906","20.651","207.770","26.612","285.358","34.701","322.348","38.618","291.258","33.905","538.697","56.723","99.085","13.327","149.207","20.497","261.559","34.305","257.075","31.241","344.149","41.465","373.765","43.141","338.187","36.458","139.456","19.987","149.770","19.795","107.827","14.717","145.516","18.820","272.177","33.054","296.012","35.496","271.338","31.851","441.357","46.168","167.551","23.450","186.694","25.154","187.696","25.195","172.661","21.105","320.861","38.520","228.917","27.134","311.629","35.083","149.747","21.079","179.042","24.373","248.296","33.144","182.835","22.205","267.962","32.193","314.719","37.453","260.847","29.502","139.450","19.549","231.575","31.515","198.524","26.987","174.385","21.735","234.966","28.293","296.741","35.407","341.920","38.713"
"16","30","PHARMACEUTICAL PRODUCTS","NETHERLAND","94.720","13.643","130.586","17.129","155.247","20.846","378.519","49.695","241.853","29.487","268.613","32.205","226.065","26.421","510.871","54.609","148.656","20.895","160.753","21.528","185.366","24.987","204.503","25.706","330.260","39.893","300.907","35.867","452.257","51.676","154.119","21.648","171.257","23.271","227.744","30.216","314.752","38.168","362.731","43.556","264.833","31.162","423.273","46.983","151.450","21.185","152.241","20.925","194.880","25.983","227.369","27.524","249.113","30.027","279.160","32.067","447.790","49.354","124.581","17.469","164.583","22.512","455.966","61.252","269.762","32.938","260.253","31.310","339.794","39.389","507.986","55.946","134.376","19.529","178.959","23.863","160.924","21.593","288.102","36.193","312.549","38.045","271.245","32.448","342.156","39.733","109.190","15.725","162.459","21.453","195.917","26.634","222.804","28.537","306.406","37.260","400.362","47.964","301.065","35.047","438.449","46.167","114.263","15.368","176.026","24.182","217.992","28.591","311.783","37.889","325.591","39.229","317.400","36.635","393.471","42.418","105.980","15.189","127.737","16.883","164.304","22.425","611.460","79.082","267.785","32.521","279.953","33.570","362.571","42.560","443.253","46.367","139.853","19.573","160.897","21.678","149.162","20.023","311.698","38.100","380.982","45.737","260.409","30.867","404.214","45.506","149.011","20.976","138.168","18.809","178.479","23.824","237.933","28.896","1,075.703","129.236","306.725","36.502","300.137","33.946","138.759","19.452","165.328","22.499","152.888","20.783","328.270","40.915","305.346","36.768","291.755","34.812","427.240","48.373"
"17","30","PHARMACEUTICAL PRODUCTS","UGANDA","81.715","11.770","136.233","17.870","102.516","13.766","134.614","17.673","56.286","6.862","71.759","8.604","62.715","7.330","110.737","11.837","101.884","14.320","134.985","18.077","108.497","14.625","115.575","14.528","121.632","14.692","71.800","8.558","79.551","9.090","115.913","16.282","101.994","13.859","77.535","10.287","100.991","12.247","73.258","8.797","89.244","10.501","86.166","9.564","75.904","10.618","90.816","12.482","105.093","14.012","58.628","7.097","55.901","6.738","75.024","8.618","84.946","9.362","67.167","9.418","82.712","11.313","111.523","14.981","118.092","14.419","45.906","5.523","55.061","6.383","60.607","6.675","143.470","20.851","196.214","26.164","183.497","24.622","69.598","8.743","151.980","18.500","98.768","11.815","108.717","12.625","116.395","16.762","170.404","22.502","185.899","25.272","99.439","12.736","106.901","13.000","64.867","7.771","121.424","14.135","140.730","14.818","95.822","12.888","88.540","12.163","183.009","24.003","90.201","10.962","75.018","9.039","128.272","14.806","127.043","13.696","81.314","11.654","108.770","14.376","107.902","14.727","97.613","12.625","82.273","9.991","64.407","7.723","97.169","11.406","130.956","13.699","103.769","14.523","141.545","19.071","83.215","11.170","135.622","16.578","106.214","12.751","76.818","9.106","67.722","7.624","96.363","13.565","163.925","22.315","81.792","10.918","91.485","11.111","109.340","13.136","88.847","10.573","57.482","6.501","79.850","11.194","93.582","12.735","90.068","12.244","69.646","8.681","114.336","13.768","69.869","8.337","79.387","8.988"
"18","30","PHARMACEUTICAL PRODUCTS","MALAWI","81.629","11.757","59.728","7.835","76.853","10.320","32.393","4.253","19.071","2.325","46.099","5.527","16.481","1.926","10.184","1.089","86.189","12.114","42.959","5.753","33.519","4.518","19.782","2.487","34.401","4.155","22.597","2.693","21.095","2.410","14.491","2.035","12.785","1.737","50.042","6.639","98.586","11.955","13.272","1.594","24.354","2.866","13.943","1.548","85.151","11.911","72.563","9.973","8.887","1.185","61.763","7.477","18.515","2.232","8.047","0.924","58.602","6.459","71.964","10.091","21.406","2.928","26.753","3.594","31.519","3.849","55.347","6.659","20.870","2.419","10.357","1.141","112.243","16.312","66.855","8.915","39.691","5.326","15.389","1.933","10.923","1.330","21.197","2.536","11.307","1.313","65.191","9.388","97.404","12.863","123.056","16.729","27.828","3.564","8.594","1.045","23.961","2.871","10.518","1.224","8.862","0.933","25.731","3.461","93.180","12.801","110.543","14.498","54.925","6.675","59.133","7.125","68.686","7.928","24.002","2.588","14.832","2.126","55.253","7.303","7.449","1.017","58.438","7.558","23.171","2.814","59.096","7.086","73.881","8.673","9.349","0.978","20.304","2.842","20.828","2.806","12.266","1.647","13.402","1.638","11.613","1.394","17.801","2.110","14.940","1.682","15.736","2.215","18.038","2.456","18.077","2.413","21.634","2.627","10.809","1.299","13.770","1.639","17.168","1.942","60.565","8.490","35.728","4.862","12.300","1.672","24.988","3.114","17.084","2.057","24.641","2.940","14.315","1.621"
"19","30","PHARMACEUTICAL PRODUCTS","SRI LANKA DSR","74.823","10.777","108.746","14.264","132.089","17.737","111.178","14.597","199.737","24.352","122.270","14.660","177.473","20.742","206.065","22.027","132.366","18.605","156.864","21.007","135.310","18.240","137.975","17.343","205.992","24.883","141.061","16.814","223.604","25.549","136.940","19.235","157.910","21.457","197.128","26.154","169.508","20.555","197.368","23.700","192.690","22.673","217.118","24.100","132.650","18.555","116.806","16.054","110.157","14.687","217.670","26.350","139.492","16.814","163.015","18.726","232.490","25.624","141.613","19.858","148.656","20.333","97.474","13.094","145.151","17.723","170.146","20.470","132.468","15.356","237.536","26.161","107.906","15.682","182.619","24.351","140.150","18.805","117.962","14.819","152.613","18.577","126.486","15.131","165.590","19.229","100.394","14.458","157.698","20.825","150.415","20.448","139.881","17.916","175.245","21.311","166.629","19.963","197.764","23.022","277.423","29.212","106.027","14.260","148.754","20.435","145.507","19.084","219.522","26.677","210.520","25.365","225.945","26.079","229.738","24.767","99.415","14.248","154.682","20.444","124.599","17.006","86.678","11.210","166.289","20.195","123.166","14.769","163.055","19.140","238.167","24.914","115.011","16.096","126.053","16.984","115.337","15.482","153.488","18.761","148.142","17.785","199.037","23.593","231.901","26.107","142.181","20.014","167.318","22.777","121.268","16.187","102.776","12.482","180.118","21.640","186.671","22.215","191.326","21.639","128.999","18.084","197.154","26.830","108.433","14.740","155.811","19.420","173.695","20.915","164.996","19.687","236.374","26.763"
"20","30","PHARMACEUTICAL PRODUCTS","CONGO D. REP.","68.943","9.930","67.485","8.852","117.954","15.839","90.872","11.930","141.799","17.288","122.334","14.667","95.273","11.135","153.823","16.443","88.395","12.425","94.351","12.635","70.153","9.457","95.831","12.046","127.567","15.409","116.839","13.927","109.882","12.555","77.428","10.876","85.187","11.575","112.218","14.888","66.694","8.088","122.669","14.730","90.253","10.620","259.221","28.773","60.401","8.449","146.224","20.098","101.369","13.515","77.214","9.347","115.544","13.927","77.191","8.867","213.678","23.551","68.345","9.584","110.309","15.088","120.449","16.180","94.799","11.575","86.201","10.371","173.978","20.168","191.930","21.138","59.083","8.587","101.381","13.519","99.899","13.404","125.591","15.777","103.322","12.577","103.582","12.391","137.534","15.971","54.974","7.917","93.466","12.343","95.124","12.932","125.774","16.109","159.088","19.346","88.893","10.650","67.722","7.883","109.780","11.560","36.647","4.929","153.017","21.021","117.778","15.447","149.022","18.110","154.727","18.642","161.447","18.635","196.701","21.205","51.536","7.386","78.193","10.335","171.785","23.446","110.444","14.284","106.208","12.898","109.943","13.184","96.023","11.272","120.474","12.602","62.501","8.747","86.144","11.607","76.916","10.325","91.799","11.221","78.318","9.402","83.134","9.854","219.088","24.665","88.355","12.437","92.130","12.542","72.969","9.740","74.846","9.090","114.354","13.739","75.467","8.981","145.011","16.401","62.857","8.812","99.897","13.595","70.079","9.526","95.682","11.926","147.485","17.759","128.329","15.312","241.483","27.341"
"21","30","PHARMACEUTICAL PRODUCTS","UKRAINE","63.968","9.214","85.644","11.234","90.156","12.106","34.464","4.525","29.252","3.566","40.019","4.798","42.810","5.003","18.326","1.959","51.055","7.176","81.793","10.954","74.521","10.045","60.564","7.613","69.069","8.343","68.250","8.135","36.842","4.210","87.639","12.310","188.743","25.647","125.755","16.684","28.750","3.486","26.504","3.183","33.715","3.967","47.832","5.309","68.588","9.594","84.273","11.583","73.507","9.801","27.085","3.279","61.145","7.370","26.665","3.063","28.061","3.093","90.684","12.716","153.140","20.947","131.446","17.658","17.969","2.194","53.984","6.495","78.717","9.125","83.820","9.231","98.384","14.298","66.426","8.858","83.703","11.231","81.116","10.190","78.476","9.553","65.389","7.822","32.653","3.792","89.368","12.870","99.244","13.106","85.975","11.688","59.497","7.620","67.072","8.156","47.517","5.693","24.351","2.835","53.955","5.681","65.573","8.819","105.819","14.537","44.677","5.860","22.703","2.759","73.951","8.910","63.229","7.298","67.812","7.310","55.151","7.904","93.070","12.301","58.246","7.950","93.405","12.080","42.824","5.201","23.865","2.862","32.933","3.866","43.254","4.525","58.531","8.192","136.085","18.335","105.062","14.103","55.345","6.765","36.151","4.340","12.566","1.490","40.772","4.590","56.177","7.908","117.070","15.937","84.908","11.334","38.858","4.719","70.302","8.446","29.810","3.548","44.328","5.014","69.307","9.716","75.331","10.252","104.053","14.145","59.970","7.475","45.374","5.464","60.328","7.198","61.598","6.974"
"22","30","PHARMACEUTICAL PRODUCTS","VIETNAM SOC REP","62.382","8.985","77.637","10.184","70.000","9.399","67.997","8.927","64.784","7.898","88.158","10.570","89.662","10.479","97.032","10.372","69.349","9.747","58.512","7.836","122.546","16.519","84.476","10.619","126.350","15.262","105.947","12.628","115.256","13.169","96.379","13.538","116.429","15.821","145.585","19.315","227.334","27.568","168.258","20.204","176.662","20.787","185.206","20.558","83.936","11.741","58.045","7.978","75.090","10.012","61.442","7.438","102.552","12.361","96.279","11.060","115.140","12.690","64.546","9.051","52.986","7.247","115.217","15.477","50.388","6.152","134.659","16.200","66.187","7.673","119.190","13.127","67.545","9.816","72.820","9.710","75.220","10.093","97.163","12.206","90.105","10.968","118.498","14.175","97.640","11.338","88.067","12.683","135.621","17.909","94.554","12.854","107.746","13.800","105.377","12.814","147.676","17.692","165.273","19.239","165.709","17.449","68.760","9.248","96.691","13.283","95.939","12.583","115.379","14.021","187.671","22.612","174.585","20.151","212.768","22.937","62.172","8.911","91.619","12.109","61.494","8.393","80.478","10.409","75.591","9.180","98.074","11.760","105.901","12.431","121.172","12.675","88.118","12.333","87.971","11.853","75.923","10.192","130.889","15.999","111.510","13.387","133.991","15.882","129.894","14.624","66.288","9.331","83.092","11.311","62.777","8.380","103.952","12.625","103.936","12.487","132.018","15.711","87.850","9.936","77.773","10.903","92.598","12.601","209.690","28.505","98.674","12.299","103.511","12.464","154.371","18.420","139.323","15.774"
"23","30","PHARMACEUTICAL PRODUCTS","MALTA","61.261","8.824","76.326","10.012","80.340","10.788","63.764","8.371","117.051","14.271","141.092","16.916","180.496","21.096","211.149","22.571","63.596","8.939","88.150","11.805","87.100","11.741","77.164","9.699","139.494","16.850","150.037","17.884","253.845","29.005","96.237","13.518","103.865","14.113","78.548","10.421","105.973","12.851","181.960","21.850","143.644","16.902","306.936","34.069","79.285","11.091","71.651","9.848","89.405","11.920","100.195","12.129","147.121","17.733","132.361","15.204","244.073","26.901","86.784","12.169","99.542","13.615","139.677","18.763","107.149","13.083","162.056","19.496","162.103","18.791","203.905","22.457","41.999","6.104","100.925","13.458","83.901","11.258","80.242","10.080","101.182","12.316","133.508","15.971","208.879","24.256","50.343","7.250","113.158","14.943","78.845","10.719","59.022","7.560","101.924","12.394","171.013","20.488","191.699","22.316","225.012","23.693","79.998","10.760","88.731","12.189","63.719","8.357","114.903","13.963","116.329","14.016","179.656","20.736","262.325","28.280","48.131","6.898","81.281","10.743","64.704","8.831","58.279","7.537","123.432","14.990","146.353","17.550","190.484","22.360","247.598","25.900","79.673","11.151","100.274","13.510","79.662","10.693","97.415","11.907","169.396","20.336","127.454","15.108","243.758","27.442","66.355","9.341","79.557","10.830","76.327","10.188","59.728","7.254","136.836","16.440","190.508","22.672","243.107","27.496","69.787","9.783","110.264","15.006","79.216","10.768","101.128","12.604","130.108","15.667","189.395","22.599","263.163","29.796"
"24","30","PHARMACEUTICAL PRODUCTS","CHILE","61.006","8.787","47.764","6.265","70.108","9.414","99.623","13.079","130.764","15.943","139.752","16.756","148.543","17.361","152.098","16.258","43.822","6.160","66.438","8.897","86.240","11.625","86.820","10.913","136.790","16.523","156.581","18.664","131.884","15.069","53.088","7.457","95.495","12.976","108.930","14.452","88.179","10.693","149.114","17.905","147.662","17.375","144.802","16.073","61.747","8.637","80.679","11.089","92.128","12.283","106.952","12.947","150.338","18.121","129.614","14.889","153.753","16.946","62.943","8.826","92.672","12.676","82.945","11.142","79.791","9.743","118.748","14.286","153.598","17.805","148.074","16.308","46.726","6.791","95.387","12.719","99.030","13.288","99.582","12.510","131.321","15.985","144.353","17.268","150.330","17.457","61.329","8.832","64.772","8.553","120.352","16.361","83.674","10.717","123.284","14.992","143.487","17.190","156.843","18.258","172.291","18.142","52.255","7.028","91.472","12.566","93.410","12.251","132.777","16.135","157.657","18.995","226.932","26.193","177.628","19.149","55.688","7.981","47.801","6.318","121.480","16.580","74.633","9.653","86.277","10.478","151.706","18.192","149.986","17.606","141.957","14.849","50.989","7.136","68.238","9.194","64.596","8.671","93.721","11.456","111.100","13.338","122.102","14.473","130.860","14.732","57.997","8.164","79.486","10.821","108.604","14.497","81.861","9.942","155.790","18.717","152.696","18.172","130.016","14.705","50.582","7.091","79.216","10.780","88.661","12.052","87.663","10.926","124.750","15.022","121.172","14.458","169.049","19.140"
"25","30","PHARMACEUTICAL PRODUCTS","MOZAMBIQUE","54.913","7.909","57.962","7.603","116.661","15.665","80.393","10.555","102.028","12.439","133.735","16.034","78.732","9.202","106.782","11.414","49.680","6.983","167.746","22.464","81.462","10.981","130.330","16.382","175.003","21.139","79.610","9.489","136.552","15.603","145.638","20.457","80.035","10.875","110.915","14.716","55.425","6.721","60.448","7.259","118.851","13.985","81.396","9.035","123.798","17.317","57.995","7.971","82.019","10.935","66.259","8.021","85.474","10.303","87.448","10.045","119.585","13.180","125.106","17.543","39.457","5.397","60.589","8.139","70.702","8.633","54.472","6.553","42.373","4.912","173.673","19.127","21.741","3.160","121.882","16.252","221.020","29.656","83.679","10.512","94.820","11.542","88.397","10.575","108.374","12.585","92.937","13.384","46.678","6.164","24.989","3.397","87.985","11.269","119.835","14.573","69.903","8.375","45.488","5.295","82.193","8.655","72.146","9.703","48.207","6.623","82.794","10.859","96.388","11.713","119.971","14.455","173.256","19.998","102.166","11.014","71.681","10.273","51.731","6.837","49.439","6.748","104.435","13.507","118.406","14.380","45.116","5.410","66.283","7.781","58.622","6.132","134.676","18.849","119.516","16.103","64.584","8.669","58.274","7.123","62.716","7.529","59.734","7.080","104.540","11.769","33.410","4.703","147.210","20.040","67.007","8.944","143.574","17.437","164.333","19.743","176.486","21.003","109.400","12.373","64.104","8.986","67.230","9.149","35.407","4.813","95.312","11.880","355.808","42.844","147.826","17.639","79.653","9.018"
"26","30","PHARMACEUTICAL PRODUCTS","TANZANIA REP","52.805","7.606","93.319","12.241","208.272","27.966","66.349","8.711","233.585","28.479","155.117","18.598","119.904","14.014","271.802","29.054","96.590","13.576","212.040","28.396","76.917","10.368","174.002","21.872","235.380","28.432","154.767","18.447","222.877","25.466","148.820","20.904","170.378","23.151","155.799","20.671","146.767","17.798","194.940","23.408","210.356","24.752","287.526","31.915","115.634","16.175","170.689","23.460","92.714","12.361","103.063","12.476","136.987","16.512","105.333","12.100","187.031","20.614","135.857","19.051","113.050","15.463","103.013","13.838","109.315","13.347","127.948","15.393","185.578","21.512","176.692","19.460","74.941","10.891","187.715","25.031","151.006","20.262","236.382","29.696","142.154","17.304","106.691","12.763","298.855","34.704","128.507","18.506","109.768","14.495","254.154","34.551","237.874","30.467","159.454","19.390","90.840","10.883","140.985","16.412","232.373","24.468","88.020","11.838","198.580","27.280","289.678","37.993","196.980","23.938","159.426","19.208","161.866","18.683","198.158","21.362","102.951","14.755","92.348","12.206","151.995","20.745","92.159","11.919","129.120","15.681","126.598","15.181","185.851","21.816","327.942","34.304","207.006","28.972","183.959","24.786","91.700","12.309","127.683","15.607","212.315","25.489","181.098","21.466","264.119","29.735","202.478","28.502","212.434","28.919","103.558","13.823","190.118","23.089","265.018","31.840","142.335","16.939","181.378","20.514","104.623","14.667","121.828","16.579","110.715","15.050","270.424","33.705","219.509","26.432","152.852","18.238","318.005","36.005"
"27","30","PHARMACEUTICAL PRODUCTS","THAILAND","50.910","7.333","57.635","7.560","55.172","7.408","127.084","16.685","102.147","12.454","122.320","14.666","131.368","15.354","159.172","17.015","60.359","8.484","85.746","11.483","228.050","30.741","128.649","16.171","94.098","11.367","111.690","13.313","126.340","14.436","89.790","12.612","79.322","10.778","69.581","9.232","107.177","12.997","160.484","19.271","153.411","18.051","155.201","17.227","66.238","9.266","78.585","10.801","86.053","11.473","106.426","12.883","143.114","17.250","122.142","14.030","127.048","14.003","84.637","11.868","109.174","14.933","70.655","9.491","168.928","20.626","134.753","16.212","129.009","14.955","120.638","13.286","58.060","8.438","104.820","13.977","108.584","14.570","152.649","19.177","135.464","16.489","109.745","13.128","145.552","16.902","98.412","14.172","102.608","13.550","66.186","8.998","97.560","12.496","83.908","10.204","125.307","15.012","140.323","16.335","176.739","18.610","74.852","10.067","119.181","16.373","147.638","19.364","127.506","15.495","154.756","18.646","177.208","20.454","171.303","18.467","46.880","6.719","73.591","9.727","50.267","6.861","111.827","14.463","128.585","15.616","140.003","16.788","152.270","17.874","98.541","10.308","73.205","10.245","92.435","12.454","59.868","8.036","127.765","15.617","113.625","13.641","126.482","14.992","134.810","15.177","62.170","8.752","97.330","13.250","62.580","8.353","140.434","17.055","126.827","15.237","126.823","15.093","142.204","16.083","90.654","12.708","92.204","12.548","126.553","17.203","130.141","16.221","109.997","13.245","169.261","20.196","154.561","17.500"
"28","30","PHARMACEUTICAL PRODUCTS","COLOMBIA","50.468","7.269","29.974","3.932","59.298","7.962","63.737","8.368","84.311","10.279","92.218","11.057","88.169","10.305","175.471","18.757","32.267","4.535","32.277","4.322","70.162","9.458","73.135","9.193","97.348","11.759","102.749","12.247","85.295","9.746","36.101","5.071","38.698","5.258","63.868","8.474","79.658","9.660","105.818","12.706","119.150","14.020","132.834","14.744","47.498","6.644","41.214","5.665","56.757","7.567","89.256","10.805","72.490","8.738","146.013","16.773","108.896","12.002","52.175","7.316","35.278","4.825","81.119","10.897","92.220","11.260","83.650","10.064","69.575","8.065","107.419","11.830","30.899","4.491","49.238","6.566","73.867","9.911","65.560","8.236","105.969","12.899","98.178","11.745","107.324","12.463","38.038","5.478","50.637","6.687","67.469","9.172","68.487","8.772","83.395","10.141","86.071","10.312","79.950","9.307","138.032","14.534","35.700","4.802","57.997","7.967","40.234","5.277","77.460","9.413","87.990","10.602","143.790","16.597","159.223","17.165","29.238","4.190","39.504","5.221","58.751","8.019","84.952","10.987","78.766","9.566","84.977","10.190","132.625","15.568","140.007","14.645","45.759","6.404","36.669","4.941","59.334","7.965","80.777","9.874","87.470","10.501","100.606","11.925","112.109","12.621","34.748","4.891","48.586","6.614","53.588","7.153","71.365","8.667","110.163","13.235","107.887","12.839","128.758","14.563","30.107","4.221","40.330","5.488","80.100","10.889","92.630","11.545","72.640","8.747","95.582","11.405","119.536","13.534"
"29","30","PHARMACEUTICAL PRODUCTS","GHANA","49.527","7.134","51.924","6.811","124.206","16.678","77.027","10.113","85.989","10.484","158.389","18.990","87.315","10.205","142.398","15.222","57.365","8.063","70.857","9.489","78.102","10.528","91.542","11.507","115.668","13.972","161.250","19.220","139.357","15.923","73.586","10.336","90.274","12.267","148.454","19.696","88.734","10.760","130.817","15.708","177.885","20.931","169.944","18.864","64.476","9.019","97.851","13.449","99.941","13.325","98.508","11.925","176.916","21.325","145.518","16.716","185.122","20.403","51.020","7.154","113.290","15.496","110.173","14.800","78.858","9.629","150.226","18.073","204.511","23.707","154.652","17.032","50.056","7.275","62.437","8.326","101.170","13.575","90.604","11.382","97.403","11.856","158.550","18.966","108.510","12.601","48.516","6.987","68.180","9.003","92.558","12.583","103.283","13.229","83.251","10.124","139.284","16.687","109.401","12.735","168.469","17.739","40.391","5.432","109.890","15.096","100.343","13.161","93.751","11.393","139.903","16.856","110.788","12.788","162.686","17.538","49.743","7.129","54.643","7.222","74.603","10.182","76.429","9.885","96.886","11.766","119.971","14.386","90.078","10.574","161.956","16.942","54.486","7.626","97.123","13.086","73.663","9.888","68.395","8.360","127.772","15.339","143.672","17.030","127.928","14.402","62.068","8.737","108.079","14.713","94.769","12.650","104.765","12.723","169.233","20.332","171.598","20.421","129.461","14.642","46.192","6.475","92.021","12.523","87.672","11.918","83.031","10.349","112.490","13.545","168.549","20.111","120.853","13.683"
"30","30","PHARMACEUTICAL PRODUCTS","IRAQ","47.875","6.896","42.699","5.601","68.658","9.219","79.812","10.478","69.244","8.442","116.109","13.921","64.878","7.583","55.378","5.920","56.759","7.978","104.102","13.941","71.805","9.679","77.346","9.722","67.902","8.202","103.842","12.377","117.281","13.401","79.488","11.165","101.895","13.846","70.172","9.310","57.888","7.020","117.265","14.081","153.733","18.089","149.405","16.584","59.806","8.366","62.956","8.653","72.542","9.672","92.918","11.248","232.699","28.048","228.304","26.225","121.592","13.401","54.189","7.599","92.297","12.625","55.630","7.473","57.699","7.045","87.399","10.515","118.118","13.692","105.710","11.642","51.211","7.443","166.906","22.256","49.721","6.672","69.237","8.698","66.278","8.068","199.657","23.884","93.183","10.821","53.796","7.747","51.981","6.864","40.028","5.442","86.560","11.087","113.605","13.815","144.172","17.272","57.778","6.726","112.615","11.858","54.369","7.313","63.470","8.719","71.304","9.352","67.785","8.238","250.447","30.175","107.404","12.397","23.507","2.534","42.258","6.057","54.546","7.209","42.926","5.859","65.415","8.460","53.761","6.529","177.526","21.288","54.499","6.397","72.488","7.583","44.484","6.226","76.121","10.256","58.362","7.834","56.850","6.949","113.108","13.579","108.874","12.905","127.089","14.308","150.604","21.200","71.873","9.784","64.438","8.601","67.291","8.172","95.081","11.423","109.081","12.981","81.915","9.265","56.242","7.884","90.253","12.282","76.780","10.437","148.595","18.521","70.417","8.479","187.085","22.323","103.352","11.702"
"31","30","PHARMACEUTICAL PRODUCTS","ETHIOPIA","46.484","6.695","59.697","7.831","88.319","11.859","101.170","13.283","102.945","12.551","99.435","11.922","81.576","9.534","154.103","16.473","93.853","13.192","92.565","12.396","96.886","13.060","167.187","21.015","73.137","8.835","119.451","14.238","134.599","15.380","121.002","16.996","95.053","12.916","184.579","24.489","164.140","19.904","152.026","18.255","111.397","13.108","177.320","19.682","58.958","8.247","89.386","12.286","73.189","9.758","81.698","9.890","133.226","16.058","135.918","15.613","105.055","11.579","109.609","15.370","97.777","13.374","81.286","10.919","113.032","13.801","180.091","21.666","139.792","16.205","98.652","10.865","91.819","13.344","49.202","6.561","73.770","9.898","57.947","7.280","113.597","13.828","70.297","8.409","148.807","17.280","139.252","20.054","69.146","9.131","115.245","15.667","106.615","13.655","100.494","12.221","136.444","16.346","77.033","8.967","96.499","10.161","97.312","13.088","179.819","24.703","82.047","10.761","146.976","17.861","113.851","13.717","286.605","33.081","149.808","16.150","73.587","10.547","106.893","14.128","103.777","14.164","75.646","9.784","195.611","23.756","134.512","16.130","114.970","13.496","72.180","7.550","93.189","13.042","100.175","13.497","134.023","17.990","183.366","22.413","70.316","8.442","99.193","11.758","159.607","17.969","47.493","6.685","121.199","16.499","169.064","22.567","97.602","11.854","130.267","15.650","110.026","13.094","104.675","11.839","46.624","6.536","87.471","11.904","114.858","15.613","108.317","13.500","128.814","15.511","115.107","13.735","182.131","20.621"
"32","30","PHARMACEUTICAL PRODUCTS","U ARAB EMTS","46.128","6.644","112.752","14.790","114.933","15.433","130.713","17.161","112.926","13.768","91.767","11.002","142.145","16.613","125.334","13.398","43.499","6.114","93.360","12.503","134.125","18.080","99.470","12.503","154.171","18.623","127.031","15.141","181.471","20.735","156.483","21.980","183.537","24.939","84.943","11.270","178.274","21.618","176.534","21.198","236.961","27.882","273.817","30.393","48.025","6.718","163.816","22.516","121.962","16.261","129.298","15.652","159.688","19.248","130.951","15.042","212.920","23.467","111.323","15.610","132.767","18.160","82.522","11.085","113.474","13.855","146.760","17.656","170.916","19.813","147.673","16.264","71.993","10.463","86.538","11.539","187.134","25.110","87.937","11.047","137.013","16.678","152.118","18.197","174.963","20.317","98.651","14.207","151.181","19.964","127.638","17.352","116.110","14.872","133.139","16.190","105.239","12.608","118.600","13.806","102.874","10.832","78.659","10.580","163.348","22.440","143.081","18.766","167.723","20.382","192.245","23.163","172.475","19.908","95.626","10.309","78.845","11.300","146.251","19.330","97.471","13.303","156.971","20.302","117.070","14.217","155.265","18.618","170.648","20.031","104.076","10.887","193.656","27.103","149.615","20.158","124.408","16.700","103.952","12.706","178.843","21.470","125.873","14.920","186.848","21.035","89.273","12.567","145.262","19.775","128.736","17.184","85.822","10.423","184.488","22.165","192.326","22.888","217.542","24.604","71.353","10.003","245.870","33.460","114.458","15.559","108.718","13.551","149.433","17.994","117.654","14.038","175.936","19.920"
"33","30","PHARMACEUTICAL PRODUCTS","YEMEN REPUBLC","45.680","6.579","43.439","5.698","71.399","9.587","48.000","6.302","46.986","5.729","40.327","4.835","59.739","6.982","58.305","6.232","41.412","5.821","56.151","7.520","38.103","5.136","47.139","5.925","32.713","3.952","43.923","5.235","52.415","5.989","45.655","6.413","51.557","7.006","32.236","4.277","26.172","3.174","42.671","5.124","87.991","10.354","57.819","6.418","66.441","9.294","48.104","6.612","30.819","4.109","25.632","3.103","69.767","8.409","65.871","7.567","65.000","7.164","56.859","7.973","42.473","5.809","44.274","5.948","34.516","4.214","43.161","5.193","55.294","6.410","41.042","4.520","39.708","5.771","69.201","9.228","40.837","5.479","51.864","6.515","37.351","4.547","35.136","4.203","45.827","5.322","69.167","9.961","98.018","12.944","47.969","6.521","49.370","6.323","50.592","6.152","47.549","5.697","67.679","7.878","32.048","3.375","42.655","5.737","67.066","9.213","84.355","11.064","37.987","4.616","70.329","8.474","87.800","10.134","26.761","2.885","32.813","4.703","57.433","7.591","34.377","4.692","44.437","5.747","23.562","2.861","61.235","7.343","55.985","6.572","53.800","5.628","35.691","4.995","65.374","8.808","39.031","5.239","50.747","6.203","48.508","5.823","44.863","5.318","35.538","4.001","54.306","7.645","66.548","9.059","48.194","6.433","36.575","4.442","67.857","8.152","72.846","8.669","38.598","4.365","50.502","7.080","52.842","7.191","67.207","9.136","44.241","5.514","44.609","5.371","66.864","7.978","47.179","5.342"
"34","30","PHARMACEUTICAL PRODUCTS","ZAMBIA","43.832","6.313","17.810","2.336","68.143","9.150","103.145","13.542","34.059","4.152","34.183","4.098","52.197","6.101","77.388","8.272","28.765","4.043","60.207","8.063","80.455","10.845","41.917","5.269","64.941","7.845","34.155","4.071","43.143","4.930","16.451","2.311","56.095","7.622","77.970","10.345","108.894","13.205","72.902","8.754","59.591","7.012","64.345","7.142","41.882","5.859","84.873","11.665","55.044","7.339","81.446","9.859","61.058","7.360","24.826","2.852","51.214","5.645","26.754","3.752","36.849","5.040","96.762","12.998","53.977","6.591","92.208","11.093","51.208","5.936","53.111","5.849","18.119","2.633","32.434","4.325","87.108","11.688","51.962","6.528","41.956","5.107","79.214","9.476","58.235","6.763","47.380","6.823","18.697","2.469","128.343","17.448","55.452","7.102","43.890","5.337","40.099","4.804","109.132","12.704","36.830","3.878","28.980","3.898","68.403","9.397","108.124","14.181","35.080","4.263","44.845","5.403","26.620","3.073","44.324","4.778","39.826","5.708","34.197","4.520","139.906","19.095","87.163","11.273","139.079","16.890","115.791","13.885","80.522","9.452","27.521","2.879","27.020","3.782","47.432","6.391","58.100","7.799","46.479","5.681","106.188","12.748","110.880","13.143","40.540","4.564","45.113","6.350","43.016","5.856","57.406","7.663","61.057","7.415","64.553","7.755","41.562","4.946","22.906","2.591","22.432","3.145","107.203","14.589","46.445","6.314","115.004","14.334","34.512","4.156","56.145","6.699","51.658","5.849"
"35","30","PHARMACEUTICAL PRODUCTS","ALGERIA","42.560","6.130","32.760","4.297","21.950","2.947","58.709","7.708","54.115","6.598","40.309","4.833","35.583","4.159","67.565","7.222","31.322","4.403","33.297","4.459","40.183","5.417","55.595","6.988","66.425","8.024","31.663","3.774","45.831","5.237","18.199","2.556","41.832","5.684","83.143","11.031","43.979","5.333","44.831","5.383","36.948","4.347","85.899","9.535","30.136","4.215","39.161","5.382","45.609","6.081","67.047","8.116","40.333","4.861","36.071","4.144","36.500","4.023","30.604","4.291","16.397","2.243","21.933","2.946","17.992","2.197","44.997","5.413","29.210","3.386","15.737","1.733","76.559","11.126","29.216","3.896","24.846","3.334","30.365","3.815","38.233","4.654","26.833","3.210","80.053","9.296","55.105","7.936","44.009","5.812","48.416","6.582","36.811","4.715","120.285","14.627","63.904","7.656","75.823","8.827","110.321","11.616","71.888","9.669","51.388","7.059","79.712","10.455","88.903","10.804","105.655","12.730","72.817","8.405","100.767","10.863","15.047","2.157","34.134","4.512","26.744","3.650","63.833","8.256","45.500","5.526","85.260","10.224","88.192","10.352","63.599","6.653","40.700","5.696","29.621","3.991","43.169","5.795","34.064","4.164","26.960","3.237","40.097","4.753","134.088","15.096","48.694","6.855","66.196","9.011","54.783","7.313","23.548","2.860","68.515","8.231","85.568","10.183","68.532","7.751","31.045","4.352","55.703","7.581","60.367","8.206","83.501","10.407","33.251","4.004","56.028","6.685","52.898","5.989"
"36","30","PHARMACEUTICAL PRODUCTS","SINGAPORE","42.391","6.106","37.504","4.919","37.391","5.021","39.811","5.227","54.162","6.603","35.421","4.247","40.748","4.762","41.466","4.432","52.560","7.388","52.250","6.997","48.009","6.472","54.737","6.880","49.983","6.038","38.648","4.607","52.391","5.986","42.851","6.019","39.997","5.435","56.700","7.523","58.912","7.144","60.920","7.315","38.869","4.574","61.701","6.849","71.861","10.052","42.583","5.853","43.222","5.763","50.062","6.060","48.947","5.900","51.033","5.862","47.532","5.239","41.468","5.815","46.954","6.422","58.695","7.885","37.046","4.523","39.585","4.762","34.341","3.981","42.625","4.694","40.656","5.909","53.589","7.146","52.293","7.017","59.842","7.518","45.137","5.494","42.138","5.041","45.019","5.228","48.444","6.977","88.435","11.678","48.293","6.565","39.332","5.038","49.881","6.066","50.619","6.064","44.643","5.197","57.291","6.033","60.676","8.161","47.485","6.523","52.229","6.850","49.836","6.056","64.560","7.779","64.286","7.420","70.936","7.647","41.598","5.962","50.694","6.700","42.024","5.736","32.847","4.248","46.826","5.687","62.683","7.517","51.530","6.049","44.140","4.617","44.176","6.183","37.150","5.005","44.181","5.931","45.237","5.530","31.817","3.820","46.064","5.460","56.791","6.394","53.600","7.545","39.661","5.399","42.009","5.608","37.528","4.558","47.546","5.712","51.182","6.091","61.810","6.991","39.246","5.502","51.133","6.959","57.440","7.808","56.089","6.991","59.559","7.172","57.531","6.865","71.429","8.087"
"37","30","PHARMACEUTICAL PRODUCTS","HUNGARY","37.373","5.383","42.437","5.567","32.473","4.360","45.056","5.915","49.939","6.089","64.027","7.677","69.697","8.146","74.576","7.972","52.527","7.383","29.074","3.894","33.642","4.535","37.184","4.674","41.642","5.030","50.993","6.078","65.851","7.524","30.883","4.338","40.916","5.560","36.315","4.818","37.783","4.582","62.321","7.483","62.911","7.403","71.365","7.921","32.806","4.589","21.946","3.016","46.665","6.222","58.709","7.107","25.087","3.024","60.763","6.980","79.410","8.752","32.340","4.535","16.735","2.289","28.242","3.794","57.370","7.005","42.711","5.138","67.381","7.811","90.140","9.927","39.670","5.765","48.068","6.410","30.240","4.058","56.052","7.042","69.000","8.399","54.348","6.501","71.858","8.344","56.385","8.120","36.010","4.755","43.635","5.932","47.514","6.086","49.382","6.005","48.381","5.796","44.576","5.189","56.882","5.990","32.157","4.325","35.253","4.843","32.394","4.249","59.707","7.256","43.884","5.287","47.757","5.512","39.366","4.244","48.154","6.902","33.657","4.449","38.054","5.194","40.891","5.289","45.509","5.527","61.181","7.336","66.271","7.779","34.340","3.592","46.380","6.491","34.052","4.588","28.953","3.887","52.361","6.400","59.256","7.114","62.513","7.410","74.954","8.438","30.938","4.355","46.334","6.308","42.341","5.652","44.654","5.423","45.598","5.478","65.336","7.775","114.750","12.978","46.594","6.532","47.642","6.484","39.828","5.414","59.872","7.462","73.021","8.793","41.077","4.901","62.122","7.034"
"38","30","PHARMACEUTICAL PRODUCTS","GUINEA","37.327","5.376","16.594","2.177","25.033","3.361","12.002","1.576","34.148","4.163","13.339","1.599","19.100","2.232","12.427","1.328","43.734","6.147","34.216","4.582","24.812","3.345","15.758","1.981","16.345","1.974","5.513","0.657","8.417","0.962","16.351","2.297","43.181","5.867","23.106","3.066","14.288","1.733","8.873","1.065","8.827","1.039","20.946","2.325","18.942","2.650","53.243","7.318","22.365","2.982","6.143","0.744","18.205","2.194","8.806","1.012","10.652","1.174","18.684","2.620","38.607","5.281","29.096","3.909","10.279","1.255","8.046","0.968","20.815","2.413","13.537","1.491","31.284","4.547","28.437","3.792","26.648","3.576","31.968","4.016","17.003","2.070","14.030","1.678","20.543","2.386","32.681","4.706","22.738","3.003","25.663","3.489","16.644","2.132","18.483","2.248","2.316","0.277","18.026","2.098","6.706","0.706","6.458","0.869","32.428","4.455","21.973","2.882","33.859","4.115","16.278","1.961","32.044","3.699","13.169","1.420","24.147","3.461","15.849","2.095","14.226","1.942","11.554","1.494","12.935","1.571","35.136","4.213","4.461","0.524","27.453","2.872","38.200","5.346","39.854","5.370","21.461","2.881","9.357","1.144","16.978","2.038","7.289","0.864","6.798","0.765","19.792","2.786","42.095","5.731","21.300","2.843","26.666","3.238","7.335","0.881","5.000","0.595","8.197","0.927","39.152","5.489","60.895","8.287","30.498","4.146","7.492","0.934","23.772","2.862","10.867","1.297","24.689","2.795"
"39","30","PHARMACEUTICAL PRODUCTS","GUATEMALA","35.762","5.151","19.409","2.546","33.149","4.451","50.903","6.683","41.332","5.039","80.839","9.692","102.146","11.938","69.161","7.393","26.859","3.775","28.054","3.757","45.361","6.115","29.420","3.698","69.646","8.413","81.150","9.673","59.722","6.824","27.675","3.887","24.357","3.310","49.534","6.572","44.664","5.416","48.514","5.825","69.877","8.222","82.984","9.211","20.957","2.932","28.134","3.867","37.123","4.949","32.653","3.953","51.078","6.157","53.216","6.113","61.260","6.752","23.015","3.227","34.189","4.676","34.827","4.678","32.252","3.938","35.551","4.277","54.650","6.335","68.098","7.500","22.769","3.309","37.119","4.950","54.044","7.252","41.531","5.217","52.891","6.438","65.435","7.828","69.346","8.053","20.871","3.006","12.780","1.688","43.601","5.927","47.906","6.136","60.395","7.344","70.959","8.501","87.771","10.217","71.527","7.532","31.720","4.266","37.065","5.092","39.570","5.190","52.745","6.410","44.039","5.306","72.381","8.354","67.138","7.238","17.199","2.465","20.327","2.687","33.570","4.582","48.771","6.308","51.162","6.213","47.050","5.642","118.064","13.859","104.589","10.941","23.284","3.259","29.633","3.993","30.490","4.093","36.885","4.509","53.763","6.454","37.375","4.430","78.723","8.863","26.319","3.705","41.125","5.598","37.474","5.002","41.958","5.096","41.008","4.927","56.378","6.709","58.329","6.597","33.029","4.630","42.816","5.827","41.144","5.593","43.329","5.401","56.387","6.790","62.875","7.502","55.481","6.282"
"40","30","PHARMACEUTICAL PRODUCTS","SPAIN","35.356","5.092","39.100","5.129","58.749","7.889","75.219","9.875","61.584","7.508","55.146","6.612","70.287","8.215","113.090","12.089","44.090","6.197","49.923","6.686","45.796","6.173","57.094","7.177","82.841","10.007","56.001","6.675","72.522","8.286","47.288","6.642","46.544","6.324","74.295","9.857","60.753","7.367","69.171","8.306","54.918","6.462","141.549","15.712","45.535","6.370","40.693","5.593","68.664","9.155","87.414","10.582","53.455","6.443","76.843","8.827","109.122","12.027","46.881","6.574","38.957","5.329","42.202","5.669","79.985","9.766","58.941","7.091","81.161","9.408","108.269","11.924","40.887","5.942","44.125","5.884","68.657","9.212","70.339","8.836","87.069","10.599","62.420","7.467","106.139","12.325","51.568","7.426","45.772","6.044","38.236","5.198","66.290","8.491","65.837","8.006","60.715","7.274","77.227","8.990","134.352","14.147","41.545","5.588","41.355","5.681","84.506","11.084","93.046","11.307","52.801","6.362","102.414","11.821","101.065","10.895","35.237","5.050","39.045","5.161","69.353","9.466","52.619","6.805","79.551","9.661","86.226","10.340","73.964","8.682","127.515","13.339","48.810","6.831","60.767","8.187","44.447","5.966","64.328","7.863","62.832","7.543","81.300","9.637","90.861","10.229","44.663","6.287","36.737","5.001","79.588","10.624","70.831","8.602","98.168","11.794","83.556","9.944","77.684","8.786","67.138","9.412","60.884","8.286","78.460","10.666","55.315","6.894","76.227","9.179","73.008","8.711","115.160","13.039"
"41","30","PHARMACEUTICAL PRODUCTS","IRAN","34.026","4.901","35.644","4.676","8.077","1.085","8.341","1.095","8.101","0.988","10.049","1.205","3.437","0.402","7.075","0.756","24.725","3.475","21.643","2.898","44.349","5.978","14.237","1.790","5.197","0.628","46.984","5.600","44.419","5.075","26.392","3.707","66.768","9.072","10.098","1.340","14.389","1.745","16.025","1.924","6.950","0.818","72.642","8.063","19.874","2.780","7.280","1.001","30.550","4.073","14.039","1.699","3.366","0.406","5.583","0.641","52.342","5.769","21.162","2.967","8.612","1.178","2.901","0.390","10.838","1.323","5.371","0.646","19.873","2.304","60.200","6.630","55.151","8.015","60.676","8.091","15.595","2.093","5.880","0.739","7.675","0.934","31.135","3.724","54.434","6.321","26.573","3.827","17.181","2.269","18.803","2.556","12.174","1.559","4.468","0.543","14.437","1.730","26.402","3.073","41.424","4.362","73.548","9.892","24.687","3.391","12.312","1.615","7.008","0.852","21.301","2.566","32.097","3.705","0.000","0.000","17.144","2.457","67.789","8.960","9.484","1.294","15.888","2.055","5.031","0.611","3.848","0.461","63.823","7.492","11.640","1.218","25.655","3.591","65.755","8.860","30.723","4.124","2.982","0.365","11.070","1.329","17.279","2.048","40.922","4.607","34.983","4.924","31.912","4.344","46.939","6.266","20.804","2.527","12.871","1.546","11.745","1.398","46.034","5.206","33.825","4.742","37.233","5.067","38.761","5.269","5.352","0.667","7.854","0.946","39.056","4.660","89.093","10.087"
"42","30","PHARMACEUTICAL PRODUCTS","CZECH REPUBLIC","33.804","4.869","25.970","3.406","32.497","4.364","24.231","3.181","25.913","3.159","17.641","2.115","10.648","1.244","30.189","3.227","27.116","3.811","19.941","2.671","37.381","5.039","26.743","3.362","26.061","3.148","36.742","4.380","42.536","4.860","34.811","4.890","47.013","6.388","35.825","4.753","28.481","3.454","31.704","3.807","20.705","2.436","33.828","3.755","38.464","5.380","46.184","6.348","23.117","3.082","21.835","2.643","36.970","4.456","17.835","2.049","40.314","4.443","50.307","7.054","26.084","3.568","29.024","3.899","15.334","1.872","57.821","6.956","29.173","3.382","19.882","2.190","34.529","5.018","29.584","3.945","27.949","3.750","41.645","5.232","20.165","2.455","34.882","4.173","20.514","2.382","34.094","4.910","38.380","5.068","31.065","4.223","19.789","2.535","30.811","3.747","40.075","4.801","24.315","2.831","49.434","5.205","36.604","4.923","41.131","5.650","18.549","2.433","38.176","4.639","52.470","6.322","26.763","3.089","40.975","4.417","33.905","4.859","32.970","4.358","36.142","4.933","22.754","2.943","36.898","4.481","38.809","4.654","27.003","3.170","22.116","2.313","42.992","6.017","24.944","3.361","24.191","3.247","19.311","2.360","35.287","4.236","17.728","2.101","31.470","3.543","31.128","4.382","30.527","4.156","38.940","5.198","46.960","5.703","25.763","3.095","24.846","2.957","40.103","4.536","26.566","3.724","46.498","6.328","22.894","3.112","14.225","1.773","30.182","3.634","27.593","3.292","43.850","4.965"
"43","30","PHARMACEUTICAL PRODUCTS","CAMEROON","33.500","4.825","11.088","1.454","33.689","4.524","42.301","5.554","35.058","4.274","145.638","17.461","47.086","5.503","46.295","4.949","32.775","4.607","17.819","2.386","43.808","5.905","29.691","3.732","43.307","5.231","46.903","5.591","86.372","9.869","44.169","6.204","24.891","3.382","14.520","1.926","39.288","4.764","31.729","3.810","45.830","5.393","55.515","6.162","54.121","7.571","56.044","7.703","64.095","8.546","37.104","4.492","32.945","3.971","55.593","6.386","57.668","6.356","48.795","6.842","18.432","2.521","46.656","6.268","36.999","4.518","39.642","4.769","43.694","5.065","62.208","6.851","29.014","4.217","28.453","3.794","46.060","6.180","21.272","2.672","29.464","3.587","38.814","4.643","48.759","5.662","45.304","6.524","23.678","3.127","69.398","9.434","25.748","3.298","55.446","6.742","54.701","6.553","52.246","6.082","118.845","12.514","19.982","2.688","40.880","5.616","29.480","3.867","110.512","13.430","97.283","11.721","64.840","7.484","53.106","5.725","71.885","10.303","33.982","4.491","20.943","2.858","16.872","2.182","46.259","5.618","61.227","7.342","129.057","15.149","49.050","5.131","17.531","2.454","26.377","3.554","13.971","1.875","53.164","6.498","50.497","6.062","34.715","4.115","51.801","5.832","12.640","1.779","38.580","5.252","43.425","5.797","55.704","6.765","46.761","5.618","44.666","5.315","40.521","4.583","32.396","4.542","17.809","2.424","56.953","7.742","58.266","7.262","34.413","4.144","43.233","5.159","46.846","5.304"
"44","30","PHARMACEUTICAL PRODUCTS","UZBEKISTAN","33.342","4.802","19.754","2.591","63.446","8.519","56.690","7.443","67.785","8.264","52.749","6.324","60.093","7.023","92.569","9.895","39.841","5.600","132.080","17.688","82.155","11.074","121.656","15.292","158.775","19.179","62.189","7.413","80.973","9.252","42.388","5.954","90.616","12.313","81.656","10.834","76.820","9.316","116.348","13.971","88.604","10.426","74.082","8.223","55.965","7.828","75.958","10.440","88.112","11.748","53.006","6.416","89.357","10.771","52.414","6.021","92.095","10.150","47.941","6.722","101.865","13.933","82.307","11.057","45.157","5.514","100.932","12.143","79.886","9.261","73.681","8.115","58.090","8.442","87.467","11.663","87.241","11.706","66.879","8.402","49.891","6.073","65.476","7.833","117.418","13.635","46.144","6.645","70.634","9.327","47.290","6.429","111.084","14.228","69.821","8.491","119.889","14.363","96.910","11.281","47.058","4.955","23.097","3.107","68.333","9.387","99.276","13.021","66.224","8.048","67.304","8.109","89.262","10.303","63.407","6.836","80.311","11.510","68.082","8.998","63.383","8.651","55.752","7.211","74.902","9.096","59.819","7.173","61.568","7.227","65.825","6.886","42.438","5.939","148.843","20.054","50.874","6.829","67.170","8.210","83.324","10.003","52.572","6.232","76.738","8.639","49.616","6.984","344.194","46.856","204.526","27.301","84.177","10.223","77.620","9.325","100.367","11.944","74.108","8.382","39.615","5.553","150.717","20.511","86.155","11.712","97.381","12.137","93.454","11.253","64.343","7.677","144.606","16.372"
"45","30","PHARMACEUTICAL PRODUCTS","AFGHANISTAN","33.162","4.776","9.160","1.201","45.939","6.169","28.445","3.734","63.455","7.736","68.653","8.231","71.026","8.301","70.665","7.554","30.091","4.230","52.663","7.053","25.421","3.427","94.749","11.910","72.392","8.745","63.003","7.510","91.798","10.489","45.817","6.436","63.500","8.628","48.733","6.466","71.679","8.692","59.474","7.141","81.254","9.561","88.917","9.870","59.397","8.309","67.741","9.311","29.216","3.895","56.216","6.805","59.220","7.138","72.814","8.364","105.716","11.652","64.791","9.085","67.321","9.208","83.264","11.185","61.294","7.484","53.533","6.440","70.690","8.194","90.405","9.957","40.082","5.825","67.489","8.999","34.158","4.583","62.022","7.792","53.299","6.488","71.576","8.562","98.988","11.495","26.467","3.812","47.215","6.235","33.852","4.602","37.971","4.863","69.919","8.502","91.227","10.929","90.320","10.514","100.271","10.558","30.369","4.085","60.617","8.327","81.594","10.702","86.824","10.551","74.383","8.962","78.265","9.034","44.488","4.796","39.615","5.678","40.598","5.366","34.181","4.665","28.984","3.749","50.856","6.176","77.966","9.349","51.814","6.082","64.252","6.721","63.097","8.831","53.765","7.244","22.065","2.962","59.821","7.312","70.322","8.442","52.111","6.177","64.571","7.269","61.697","8.685","55.090","7.500","22.086","2.948","38.643","4.693","32.936","3.957","84.368","10.040","87.037","9.844","49.443","6.931","79.113","10.766","16.477","2.240","58.164","7.250","50.845","6.122","74.890","8.936","78.600","8.899"
"46","30","PHARMACEUTICAL PRODUCTS","PAKISTAN IR","33.093","4.767","25.118","3.295","42.166","5.662","54.554","7.162","65.527","7.989","82.362","9.875","96.056","11.227","231.690","24.766","2.288","0.322","9.300","1.245","151.230","20.386","74.262","9.335","71.523","8.640","89.553","10.674","165.800","18.945","30.076","4.225","32.892","4.469","53.253","7.065","59.902","7.264","69.907","8.394","75.143","8.842","56.080","6.225","11.588","1.621","93.231","12.814","38.551","5.140","57.620","6.975","50.498","6.087","79.937","9.182","86.966","9.585","27.300","3.828","103.554","14.164","52.845","7.099","148.972","18.190","128.955","15.514","114.310","13.251","85.511","9.418","14.773","2.147","53.324","7.110","365.277","49.013","80.866","10.159","49.254","5.995","61.540","7.362","23.351","2.712","44.854","6.459","39.440","5.208","115.501","15.702","124.922","16.000","86.286","10.493","104.586","12.530","34.403","4.005","89.554","9.430","18.817","2.531","67.632","9.291","66.350","8.702","59.617","7.245","105.653","12.730","142.557","16.454","83.946","9.050","49.469","7.090","42.101","5.564","79.841","10.897","66.498","8.600","81.562","9.905","105.095","12.602","48.484","5.691","82.644","8.645","77.007","10.778","104.688","14.105","38.124","5.118","65.971","8.064","38.820","4.660","39.940","4.734","77.024","8.671","98.532","13.870","45.726","6.225","191.966","25.624","59.427","7.217","84.398","10.140","132.049","15.715","290.933","32.905","4.665","0.654","43.174","5.875","103.167","14.024","63.087","7.863","55.706","6.708","121.345","14.479","110.959","12.563"
"47","30","PHARMACEUTICAL PRODUCTS","PERU","31.898","4.594","21.213","2.783","49.005","6.580","44.694","5.868","49.826","6.075","61.330","7.353","72.520","8.476","107.527","11.494","37.155","5.222","143.487","19.216","71.255","9.605","62.269","7.827","115.843","13.993","90.457","10.782","58.211","6.651","54.227","7.617","59.318","8.060","83.220","11.041","50.421","6.114","80.364","9.650","83.009","9.767","64.952","7.210","41.769","5.843","52.445","7.208","52.001","6.933","69.450","8.407","56.741","6.839","100.059","11.494","65.578","7.228","47.096","6.604","47.387","6.482","64.534","8.669","67.941","8.296","69.462","8.357","65.303","7.570","83.080","9.150","30.747","4.469","102.608","13.682","82.481","11.067","65.981","8.289","65.716","7.999","80.853","9.672","111.002","12.890","51.208","7.374","68.321","9.022","51.910","7.057","52.494","6.724","55.873","6.794","53.183","6.371","56.351","6.560","107.844","11.356","35.099","4.721","49.887","6.853","70.711","9.274","73.557","8.939","82.354","9.922","119.760","13.823","87.660","9.450","45.355","6.500","50.829","6.718","74.937","10.228","67.941","8.787","57.100","6.934","50.830","6.095","63.269","7.427","92.457","9.671","29.560","4.137","98.667","13.294","57.755","7.753","40.628","4.966","49.575","5.951","61.449","7.284","47.105","5.303","32.766","4.612","88.962","12.111","69.695","9.303","43.787","5.318","71.655","8.609","74.036","8.811","45.354","5.130","49.099","6.883","162.463","22.109","56.636","7.699","62.862","7.835","93.664","11.278","91.183","10.880","79.844","9.040"
"48","30","PHARMACEUTICAL PRODUCTS","ZIMBABWE","30.626","4.411","71.053","9.320","28.756","3.861","97.094","12.747","39.951","4.871","32.677","3.918","62.995","7.363","59.328","6.342","72.851","10.240","47.225","6.324","46.810","6.310","25.399","3.193","32.551","3.932","27.165","3.238","74.523","8.515","40.098","5.632","184.037","25.007","56.703","7.523","25.164","3.051","93.382","11.213","100.392","11.813","58.725","6.518","49.590","6.937","55.587","7.640","74.523","9.936","17.497","2.118","32.688","3.940","36.680","4.213","86.549","9.539","31.693","4.444","59.739","8.171","78.185","10.503","106.251","12.973","20.594","2.478","65.492","7.592","29.202","3.216","72.003","10.464","18.060","2.408","35.558","4.771","73.848","9.277","92.914","11.310","67.527","8.078","69.612","8.084","162.000","23.330","78.610","10.381","46.843","6.368","93.323","11.953","47.122","5.730","33.718","4.039","111.922","13.029","39.440","4.153","38.052","5.118","45.386","6.235","79.936","10.484","56.268","6.838","18.379","2.214","97.773","11.285","62.814","6.772","83.632","11.986","194.451","25.701","95.711","13.063","27.252","3.525","30.011","3.645","15.585","1.869","61.486","7.218","44.034","4.606","11.208","1.569","24.031","3.238","248.009","33.291","29.868","3.651","55.718","6.689","37.868","4.489","44.227","4.979","18.737","2.638","32.643","4.444","59.267","7.911","17.954","2.180","78.125","9.386","36.866","4.387","94.922","10.736","99.372","13.931","41.004","5.580","72.822","9.899","26.733","3.332","72.802","8.766","104.684","12.491","41.063","4.649"
"49","30","PHARMACEUTICAL PRODUCTS","BURKINA FASO","30.548","4.400","19.499","2.558","20.345","2.732","25.045","3.288","12.985","1.583","16.285","1.953","26.394","3.085","68.611","7.334","34.350","4.828","30.920","4.141","27.594","3.720","26.756","3.363","16.860","2.037","33.574","4.002","38.738","4.426","20.881","2.933","30.829","4.189","45.578","6.047","25.495","3.092","9.341","1.122","20.892","2.458","62.014","6.884","23.453","3.281","35.901","4.934","55.974","7.463","12.809","1.551","39.767","4.793","51.382","5.902","39.458","4.349","20.340","2.852","25.578","3.499","23.405","3.144","18.282","2.232","61.646","7.416","18.446","2.138","32.127","3.538","28.362","4.122","27.411","3.655","34.591","4.641","19.466","2.445","34.968","4.257","20.836","2.493","28.568","3.317","20.195","2.908","37.554","4.959","36.624","4.979","22.853","2.927","12.114","1.473","11.132","1.334","22.374","2.604","37.843","3.985","14.588","1.962","40.261","5.531","36.639","4.805","17.318","2.104","25.868","3.117","40.648","4.692","38.615","4.163","23.981","3.437","23.239","3.071","21.095","2.879","36.666","4.742","26.934","3.271","36.702","4.401","26.385","3.097","64.015","6.696","38.123","5.336","39.743","5.355","19.251","2.584","19.638","2.400","16.805","2.017","24.505","2.905","23.716","2.670","33.007","4.646","74.981","10.207","21.280","2.841","33.861","4.112","15.932","1.914","46.324","5.513","41.165","4.656","20.962","2.939","35.892","4.884","37.194","5.056","29.879","3.724","19.239","2.317","58.259","6.951","19.922","2.256"
"50","30","PHARMACEUTICAL PRODUCTS","TURKEY","30.015","4.323","31.706","4.159","66.888","8.982","118.183","15.516","108.112","13.181","74.589","8.943","95.349","11.144","115.826","12.381","35.083","4.931","52.317","7.006","88.119","11.878","75.691","9.514","63.973","7.728","38.624","4.604","95.009","10.856","40.357","5.669","115.632","15.712","132.205","17.540","107.738","13.065","87.454","10.501","68.919","8.109","90.259","10.019","50.445","7.056","52.120","7.164","80.152","10.686","109.507","13.256","67.792","8.171","75.645","8.689","87.772","9.674","58.856","8.253","33.415","4.570","64.117","8.613","129.059","15.758","59.760","7.190","84.061","9.744","69.523","7.657","44.269","6.434","37.460","4.995","77.472","10.395","64.711","8.129","79.148","9.634","63.191","7.559","69.615","8.084","40.826","5.879","64.381","8.502","49.932","6.788","121.712","15.589","126.410","15.372","52.084","6.240","48.439","5.639","129.369","13.622","40.128","5.397","87.295","11.992","115.343","15.128","164.935","20.043","110.922","13.365","164.423","18.978","138.816","14.965","35.295","5.059","44.662","5.903","40.683","5.553","81.233","10.506","104.281","12.664","64.714","7.760","54.766","6.429","205.053","21.450","35.935","5.029","60.539","8.157","101.273","13.594","112.978","13.810","82.022","9.847","63.138","7.484","115.432","12.995","39.808","5.604","61.720","8.402","82.844","11.058","99.487","12.082","87.492","10.511","93.672","11.147","65.808","7.443","63.374","8.884","71.212","9.691","106.128","14.427","86.592","10.793","50.644","6.098","78.753","9.397","96.028","10.872"
"51","30","PHARMACEUTICAL PRODUCTS","SIERRA LEONE","29.011","4.179","11.103","1.456","21.498","2.887","21.593","2.835","27.687","3.376","34.695","4.160","47.509","5.553","73.746","7.883","8.154","1.146","17.398","2.330","17.575","2.369","19.578","2.461","37.457","4.525","47.155","5.621","80.118","9.154","11.366","1.597","24.206","3.289","25.031","3.321","27.944","3.389","34.225","4.110","49.936","5.876","80.927","8.983","14.201","1.987","20.984","2.884","17.425","2.323","19.828","2.400","44.161","5.323","56.006","6.433","88.400","9.743","15.396","2.159","29.011","3.968","13.978","1.878","16.347","1.996","41.144","4.950","57.401","6.654","132.879","14.634","6.922","1.006","16.336","2.178","15.592","2.092","25.300","3.178","47.804","5.819","47.251","5.652","70.664","8.206","9.586","1.380","13.855","1.830","18.771","2.552","16.596","2.126","31.151","3.788","38.415","4.602","50.976","5.934","27.923","2.940","18.315","2.463","25.341","3.481","25.077","3.289","21.518","2.615","51.700","6.229","43.625","5.035","92.976","10.023","8.136","1.166","8.578","1.134","9.343","1.275","22.974","2.971","25.237","3.065","37.293","4.472","33.116","3.887","62.173","6.504","24.598","3.443","19.243","2.593","15.823","2.124","17.549","2.145","41.148","4.940","28.721","3.404","91.290","10.277","10.202","1.436","20.905","2.846","20.031","2.674","18.386","2.233","34.527","4.148","55.594","6.616","83.820","9.480","8.325","1.167","25.196","3.429","14.486","1.969","21.612","2.694","35.746","4.304","32.641","3.895","105.351","11.928"
"52","30","PHARMACEUTICAL PRODUCTS","SLOVENIA","28.219","4.064","33.495","4.394","42.876","5.757","49.054","6.440","59.992","7.314","67.409","8.082","81.873","9.569","88.826","9.495","48.823","6.862","40.076","5.367","29.214","3.938","79.732","10.022","94.002","11.355","76.043","9.064","130.385","14.898","43.966","6.176","47.103","6.400","58.892","7.813","80.707","9.787","44.962","5.399","63.137","7.429","112.308","12.466","38.618","5.402","50.135","6.891","53.060","7.074","36.360","4.401","78.914","9.512","68.932","7.918","64.468","7.105","49.179","6.896","42.303","5.786","55.433","7.446","68.973","8.422","71.574","8.611","73.660","8.539","69.915","7.700","48.321","7.023","62.766","8.370","39.003","5.233","69.954","8.788","55.136","6.711","71.770","8.586","107.242","12.453","50.809","7.317","24.250","3.202","44.297","6.022","51.164","6.553","59.191","7.198","97.769","11.713","85.918","10.002","87.785","9.243","39.223","5.275","43.892","6.030","69.670","9.138","78.897","9.588","107.638","12.969","123.999","14.312","79.829","8.606","32.685","4.685","31.522","4.166","40.682","5.553","53.855","6.965","61.667","7.489","57.703","6.919","94.966","11.148","110.704","11.580","37.683","5.274","45.038","6.068","23.551","3.161","61.380","7.503","68.154","8.182","76.436","9.060","118.847","13.380","35.543","5.003","54.234","7.383","51.210","6.836","55.945","6.794","67.573","8.118","71.320","8.488","128.527","14.537","30.581","4.287","41.285","5.618","36.660","4.983","50.411","6.283","66.678","8.029","83.639","9.980","125.023","14.155"
"53","30","PHARMACEUTICAL PRODUCTS","MEXICO","27.868","4.014","31.882","4.182","61.602","8.272","81.119","10.650","150.711","18.375","112.875","13.533","158.248","18.495","162.805","17.403","17.308","2.433","140.580","18.826","95.903","12.928","69.151","8.692","140.105","16.924","173.302","20.657","162.547","18.573","93.492","13.132","42.576","5.785","97.664","12.957","93.153","11.296","138.882","16.677","114.338","13.454","269.677","29.934","23.131","3.236","59.624","8.195","130.176","17.356","75.456","9.134","179.647","21.654","109.886","12.623","267.876","29.524","31.799","4.459","53.776","7.356","142.236","19.107","71.953","8.786","184.447","22.190","115.875","13.432","204.674","22.541","20.246","2.942","132.463","17.663","68.879","9.242","103.749","13.034","93.087","11.331","168.375","20.142","209.901","24.375","25.877","3.727","59.581","7.868","61.959","8.423","183.730","23.533","160.219","19.483","198.747","23.810","345.413","40.210","146.932","15.472","21.158","2.846","71.226","9.785","119.072","15.617","157.506","19.141","138.499","16.687","143.826","16.601","289.025","31.158","18.493","2.650","67.549","8.928","50.446","6.885","106.729","13.804","150.986","18.336","121.346","14.551","193.933","22.765","314.288","32.876","89.560","12.534","60.431","8.142","196.834","26.422","113.419","13.864","128.717","15.453","95.890","11.366","282.456","31.799","35.445","4.990","36.732","5.000","106.320","14.192","114.500","13.906","175.261","21.056","110.325","13.129","306.713","34.690","47.412","6.647","91.868","12.502","113.312","15.403","79.018","9.849","115.484","13.906","202.693","24.185","206.105","23.335"
"54","30","PHARMACEUTICAL PRODUCTS","DOMINIC REP","27.070","3.899","22.881","3.001","32.989","4.430","41.351","5.429","25.680","3.131","55.097","6.606","42.825","5.005","48.330","5.166","18.353","2.580","41.447","5.551","32.929","4.439","30.373","3.818","39.934","4.824","44.766","5.336","54.171","6.190","25.819","3.627","24.930","3.388","53.117","7.047","55.671","6.751","33.427","4.014","51.516","6.062","56.983","6.325","20.383","2.851","23.733","3.262","60.764","8.102","34.631","4.192","58.266","7.023","36.437","4.185","78.987","8.706","21.958","3.079","45.399","6.210","42.809","5.751","47.791","5.835","28.261","3.400","54.440","6.311","70.748","7.792","28.378","4.124","36.626","4.884","44.539","5.976","45.037","5.658","43.408","5.284","43.462","5.199","74.735","8.679","21.784","3.137","22.132","2.923","21.418","2.912","33.521","4.294","34.751","4.226","62.933","7.540","68.723","8.000","53.829","5.668","18.825","2.532","54.378","7.470","46.664","6.120","35.391","4.301","66.361","7.995","70.261","8.110","65.363","7.046","20.429","2.928","17.972","2.375","27.718","3.783","36.403","4.708","37.532","4.558","41.785","5.011","53.303","6.257","57.544","6.019","26.624","3.726","38.807","5.229","32.969","4.426","56.846","6.949","36.082","4.332","41.643","4.936","49.721","5.598","22.716","3.198","34.485","4.694","45.211","6.035","37.097","4.505","49.239","5.916","64.131","7.632","47.594","5.383","23.768","3.332","35.417","4.820","56.872","7.731","45.305","5.647","46.868","5.643","51.421","6.136","60.257","6.822"
"55","30","PHARMACEUTICAL PRODUCTS","JAPAN","26.296","3.788","52.555","6.894","48.679","6.537","65.690","8.624","60.452","7.370","60.346","7.235","47.154","5.511","80.381","8.592","23.629","3.321","36.642","4.907","43.999","5.931","63.977","8.042","119.226","14.402","72.920","8.692","74.853","8.553","35.340","4.964","49.418","6.715","66.029","8.760","85.513","10.370","65.679","7.887","83.554","9.831","81.074","8.999","46.026","6.438","63.278","8.697","48.199","6.426","46.902","5.678","60.586","7.303","44.188","5.076","94.472","10.412","48.053","6.738","40.281","5.510","61.808","8.303","133.713","16.326","54.329","6.536","73.461","8.516","110.808","12.204","34.218","4.973","50.649","6.754","67.794","9.097","48.517","6.095","57.173","6.959","63.681","7.618","80.263","9.320","41.159","5.927","59.539","7.862","63.472","8.629","48.443","6.205","58.477","7.111","70.185","8.408","76.819","8.943","69.919","7.362","31.167","4.192","43.436","5.967","69.595","9.128","76.573","9.305","80.927","9.751","93.561","10.799","97.161","10.474","37.996","5.446","70.841","9.363","54.227","7.401","59.397","7.682","65.920","8.005","53.244","6.385","81.247","9.537","82.644","8.645","32.271","4.516","57.020","7.683","59.185","7.945","71.603","8.752","71.959","8.639","59.398","7.041","78.755","8.866","49.472","6.964","47.194","6.425","31.246","4.171","53.340","6.478","59.523","7.151","76.450","9.098","95.742","10.829","36.457","5.111","54.642","7.436","35.396","4.812","61.525","7.668","70.896","8.537","81.010","9.666","77.523","8.777"
"56","30","PHARMACEUTICAL PRODUCTS","LESOTHO","24.780","3.569","0.318","0.042","1.243","0.167","0.523","0.069","1.523","0.186","2.339","0.280","0.778","0.091","4.286","0.458","11.827","1.662","14.200","1.902","1.738","0.234","3.057","0.384","1.264","0.153","0.387","0.046","0.381","0.044","37.036","5.202","53.859","7.318","1.461","0.194","1.580","0.192","3.525","0.423","6.300","0.741","0.698","0.077","3.691","0.516","27.261","3.747","0.660","0.088","5.383","0.652","1.827","0.220","0.802","0.092","3.006","0.331","2.705","0.379","7.876","1.077","6.888","0.925","2.594","0.317","5.279","0.635","15.435","1.789","12.070","1.329","35.385","5.143","60.261","8.035","5.145","0.690","8.471","1.064","2.316","0.282","1.290","0.154","0.813","0.094","26.113","3.761","7.749","1.023","3.326","0.452","11.505","1.474","1.437","0.175","1.880","0.225","2.038","0.237","20.326","2.140","26.277","3.534","2.345","0.322","3.589","0.471","4.584","0.557","0.790","0.095","3.195","0.369","1.609","0.173","11.145","1.597","14.371","1.899","5.403","0.737","43.037","5.566","0.907","0.110","2.461","0.295","0.570","0.067","7.300","0.764","6.330","0.886","4.545","0.612","0.990","0.133","4.384","0.536","20.186","2.423","8.012","0.950","1.597","0.180","5.848","0.823","42.285","5.756","12.180","1.626","4.557","0.553","1.983","0.238","8.032","0.956","34.143","3.862","6.720","0.942","12.145","1.653","24.087","3.274","14.282","1.780","0.547","0.066","15.882","1.895","9.120","1.033"
"57","30","PHARMACEUTICAL PRODUCTS","KAZAKHSTAN","24.113","3.473","30.319","3.977","34.387","4.617","70.295","9.229","44.606","5.438","73.984","8.870","67.593","7.900","98.894","10.571","35.739","5.023","99.081","13.269","61.524","8.293","43.164","5.426","33.666","4.067","42.559","5.073","56.158","6.417","30.930","4.345","58.303","7.922","52.820","7.008","61.110","7.411","106.446","12.782","73.196","8.613","59.333","6.586","42.063","5.884","41.878","5.756","44.136","5.885","64.414","7.798","66.751","8.046","65.720","7.549","95.937","10.574","30.785","4.317","60.530","8.279","59.388","7.978","83.142","10.152","38.136","4.588","89.109","10.330","80.976","8.918","30.729","4.466","87.565","11.676","42.047","5.642","34.180","4.294","46.736","5.689","18.234","2.181","33.624","3.905","28.204","4.062","48.760","6.439","34.385","4.675","42.487","5.442","44.370","5.396","147.749","17.701","51.065","5.944","73.800","7.771","35.049","4.714","40.108","5.510","56.230","7.375","49.585","6.026","95.790","11.541","77.688","8.967","62.753","6.765","48.467","6.946","34.327","4.537","26.634","3.635","44.669","5.777","50.376","6.118","95.375","11.437","65.357","7.672","115.323","12.063","30.099","4.213","36.302","4.891","30.032","4.031","37.162","4.542","81.248","9.754","56.836","6.737","67.182","7.563","20.713","2.916","44.775","6.095","47.527","6.344","46.616","5.661","63.823","7.668","24.860","2.959","61.963","7.008","25.363","3.556","67.953","9.248","37.412","5.086","31.830","3.967","45.794","5.514","19.434","2.319","60.857","6.890"
"58","30","PHARMACEUTICAL PRODUCTS","MALAYSIA","23.152","3.335","24.232","3.179","42.619","5.723","58.596","7.693","65.498","7.986","75.005","8.993","86.672","10.130","121.787","13.018","32.140","4.517","37.719","5.051","41.408","5.582","60.186","7.565","51.168","6.181","71.148","8.480","92.287","10.545","43.216","6.070","43.616","5.927","53.759","7.132","76.950","9.331","75.973","9.123","80.702","9.496","89.829","9.971","44.672","6.249","29.393","4.040","48.339","6.445","52.906","6.404","68.950","8.311","68.890","7.913","90.681","9.995","35.560","4.986","38.479","5.263","46.485","6.244","56.246","6.868","58.346","7.019","76.021","8.812","91.225","10.047","28.606","4.157","44.498","5.934","53.011","7.113","60.169","7.559","52.987","6.450","77.818","9.309","90.820","10.546","35.397","5.098","58.931","7.782","54.738","7.441","68.069","8.718","76.563","9.310","84.091","10.074","86.900","10.116","107.617","11.332","42.934","5.775","49.747","6.834","62.013","8.133","93.585","11.373","98.534","11.872","97.274","11.228","136.957","14.765","40.488","5.803","48.592","6.422","34.983","4.775","57.993","7.500","83.091","10.091","68.159","8.173","84.464","9.915","123.155","12.883","34.749","4.863","38.681","5.212","40.107","5.384","67.121","8.204","64.707","7.768","84.782","10.050","137.235","15.450","24.880","3.502","51.804","7.052","46.994","6.273","70.687","8.585","65.379","7.855","84.625","10.071","75.190","8.504","36.973","5.183","59.673","8.121","43.960","5.976","84.654","10.551","55.268","6.655","88.711","10.585","100.492","11.378"
"59","30","PHARMACEUTICAL PRODUCTS","CHINA P RP","23.144","3.334","35.239","4.622","47.475","6.375","21.731","2.853","30.177","3.679","44.253","5.306","50.615","5.916","75.314","8.051","47.672","6.701","19.664","2.633","79.683","10.741","30.671","3.855","36.038","4.353","44.114","5.258","57.727","6.596","19.944","2.801","66.549","9.043","19.885","2.638","35.883","4.351","56.767","6.817","57.531","6.769","49.576","5.503","28.056","3.924","25.559","3.513","30.003","4.000","40.996","4.963","35.101","4.231","41.004","4.710","51.634","5.691","28.929","4.057","10.425","1.426","23.196","3.116","48.838","5.963","48.078","5.784","54.590","6.328","41.058","4.522","35.578","5.171","17.885","2.385","19.579","2.627","35.160","4.417","28.568","3.477","70.590","8.444","56.879","6.605","28.013","4.034","42.559","5.620","77.645","10.556","53.762","6.886","39.213","4.768","87.463","10.478","66.725","7.767","110.545","11.640","20.079","2.701","46.050","6.326","46.240","6.065","57.202","6.951","76.848","9.259","72.692","8.390","107.423","11.581","18.186","2.606","24.342","3.217","19.709","2.690","31.838","4.118","42.965","5.218","66.370","7.959","50.995","5.986","81.251","8.499","26.604","3.723","20.658","2.783","17.058","2.290","44.697","5.464","114.011","13.687","72.083","8.544","57.090","6.427","25.827","3.636","14.299","1.947","25.994","3.470","23.417","2.844","63.784","7.663","41.846","4.980","59.241","6.700","22.359","3.134","59.986","8.163","20.634","2.805","33.882","4.223","53.006","6.383","69.499","8.293","83.375","9.440"
"60","30","PHARMACEUTICAL PRODUCTS","NEW ZEALAND","22.984","3.310","27.011","3.543","21.314","2.862","43.528","5.715","50.146","6.114","30.366","3.641","45.234","5.287","52.085","5.568","26.521","3.728","31.107","4.166","26.389","3.557","34.036","4.278","45.894","5.544","34.579","4.122","47.208","5.394","27.076","3.803","31.841","4.327","20.857","2.767","53.644","6.505","84.190","10.109","48.956","5.760","38.537","4.278","30.509","4.268","29.808","4.097","30.115","4.015","44.494","5.386","51.516","6.209","37.349","4.290","50.480","5.564","30.708","4.306","34.801","4.760","26.251","3.526","15.971","1.950","27.166","3.268","36.407","4.220","48.790","5.373","13.612","1.978","26.712","3.562","27.714","3.719","33.071","4.155","37.368","4.549","38.200","4.570","45.515","5.285","20.595","2.966","24.479","3.233","35.417","4.815","39.126","5.011","34.391","4.182","53.032","6.353","44.655","5.198","57.712","6.077","15.236","2.049","36.022","4.949","36.291","4.760","36.003","4.375","85.099","10.253","73.929","8.533","42.844","4.619","18.744","2.686","23.114","3.055","40.559","5.536","20.681","2.675","34.576","4.199","34.306","4.114","39.318","4.615","39.058","4.086","23.056","3.227","28.821","3.883","23.421","3.144","39.654","4.847","29.173","3.502","31.952","3.787","40.389","4.547","19.395","2.730","27.865","3.793","21.212","2.831","27.873","3.385","43.686","5.249","35.612","4.238","44.278","5.008","17.162","2.406","30.322","4.126","34.358","4.671","35.573","4.434","36.021","4.337","32.572","3.886","33.748","3.821"
"61","30","PHARMACEUTICAL PRODUCTS","MAURITIUS","22.267","3.207","15.123","1.984","23.985","3.221","22.069","2.897","35.433","4.320","39.046","4.681","40.232","4.702","49.853","5.329","20.672","2.906","27.664","3.705","27.679","3.731","34.711","4.363","45.724","5.523","38.026","4.533","34.099","3.896","20.532","2.884","25.527","3.469","53.604","7.112","34.223","4.150","43.319","5.202","36.924","4.345","45.485","5.049","24.066","3.366","24.828","3.412","18.319","2.442","33.340","4.036","33.457","4.033","24.055","2.763","40.898","4.508","25.551","3.583","20.125","2.753","26.744","3.593","28.305","3.456","28.842","3.470","53.373","6.187","40.133","4.420","19.277","2.802","26.627","3.551","30.556","4.100","31.589","3.968","45.949","5.593","40.173","4.806","42.613","4.948","16.658","2.399","19.552","2.582","23.697","3.222","31.203","3.997","34.826","4.235","38.221","4.579","38.588","4.492","46.606","4.908","17.287","2.325","46.529","6.392","38.006","4.985","31.114","3.781","44.723","5.389","47.139","5.441","52.051","5.611","14.157","2.029","23.761","3.141","23.564","3.216","24.594","3.181","30.534","3.708","48.909","5.865","54.521","6.400","44.409","4.645","23.463","3.284","23.517","3.169","37.957","5.095","39.673","4.849","38.735","4.650","29.998","3.556","38.315","4.314","19.844","2.793","19.773","2.692","37.536","5.010","37.942","4.608","189.309","22.744","40.313","4.798","36.425","4.120","20.347","2.852","25.874","3.521","29.608","4.025","34.592","4.312","41.775","5.030","43.865","5.234","35.053","3.969"
"62","30","PHARMACEUTICAL PRODUCTS","ANGOLA","22.189","3.196","13.198","1.731","19.128","2.568","52.369","6.875","54.503","6.645","48.634","5.831","72.594","8.484","98.991","10.582","30.728","4.319","30.705","4.112","42.112","5.677","52.745","6.630","36.108","4.362","69.476","8.281","102.833","11.750","30.470","4.280","45.067","6.124","61.381","8.144","56.826","6.891","25.060","3.009","60.966","7.174","54.967","6.101","41.155","5.757","42.454","5.835","53.752","7.167","42.688","5.168","37.770","4.553","78.396","9.005","49.916","5.502","24.164","3.388","42.068","5.754","45.013","6.047","77.747","9.493","36.473","4.388","53.598","6.213","67.172","7.398","65.730","9.553","50.580","6.745","46.595","6.252","46.929","5.896","53.392","6.499","54.848","6.561","57.496","6.677","29.226","4.209","33.105","4.372","33.005","4.487","100.237","12.839","39.889","4.851","37.829","4.532","50.062","5.828","59.780","6.295","14.185","1.908","24.402","3.352","64.210","8.422","77.586","9.429","57.868","6.972","58.929","6.802","38.283","4.127","44.315","6.351","31.365","4.146","25.793","3.520","55.827","7.220","44.504","5.405","63.908","7.664","60.677","7.123","128.999","13.494","35.960","5.033","50.773","6.841","57.510","7.720","42.480","5.192","23.743","2.850","44.373","5.260","59.712","6.722","28.445","4.004","38.530","5.245","91.611","12.229","57.721","7.010","37.406","4.494","55.027","6.549","60.480","6.840","61.254","8.587","33.593","4.572","29.499","4.010","63.029","7.856","33.612","4.047","61.279","7.312","67.735","7.669"
"63","30","PHARMACEUTICAL PRODUCTS","DJIBOUTI","21.446","3.089","0.106","0.014","6.388","0.858","3.497","0.459","4.582","0.559","10.975","1.316","7.173","0.838","42.605","4.554","1.136","0.160","0.962","0.129","4.201","0.566","4.434","0.557","5.451","0.658","3.460","0.412","17.359","1.984","0.310","0.044","3.533","0.480","4.627","0.614","32.825","3.981","2.186","0.263","5.385","0.634","28.647","3.180","0.867","0.121","0.899","0.124","1.968","0.262","2.880","0.349","30.058","3.623","3.672","0.422","26.224","2.890","1.136","0.159","7.576","1.036","3.268","0.439","6.492","0.793","3.752","0.451","30.326","3.515","19.310","2.127","2.107","0.306","1.703","0.227","2.087","0.280","3.883","0.488","48.545","5.909","10.700","1.280","11.589","1.346","0.466","0.067","10.881","1.437","0.518","0.070","6.703","0.859","4.193","0.510","17.911","2.146","10.392","1.210","29.903","3.149","0.939","0.126","4.171","0.573","1.995","0.262","3.943","0.479","14.581","1.757","8.051","0.929","133.964","14.442","0.519","0.074","31.369","4.146","0.573","0.078","4.272","0.553","11.910","1.446","22.038","2.643","13.589","1.595","26.030","2.723","1.020","0.143","0.355","0.048","1.037","0.139","3.443","0.421","5.990","0.719","6.772","0.803","34.599","3.895","4.072","0.573","2.920","0.398","6.809","0.909","5.660","0.687","4.243","0.510","15.301","1.821","20.972","2.372","3.212","0.450","7.925","1.078","0.274","0.037","0.987","0.123","8.792","1.059","5.006","0.597","16.663","1.887"
"64","30","PHARMACEUTICAL PRODUCTS","EGYPT A RP","21.247","3.060","8.042","1.055","12.482","1.676","11.402","1.497","6.705","0.817","12.390","1.486","47.214","5.518","29.385","3.141","6.691","0.940","9.913","1.328","8.571","1.155","16.626","2.090","6.963","0.841","38.414","4.579","27.566","3.150","5.402","0.759","9.312","1.265","29.462","3.909","37.898","4.596","33.983","4.081","66.654","7.843","114.276","12.685","7.381","1.032","29.065","3.995","17.006","2.267","22.721","2.750","17.154","2.068","40.315","4.631","33.531","3.696","4.043","0.567","33.199","4.541","26.234","3.524","27.277","3.331","22.637","2.723","25.115","2.911","30.672","3.378","4.217","0.613","19.060","2.542","10.248","1.375","14.970","1.881","16.946","2.063","28.642","3.426","18.854","2.189","95.801","13.796","24.016","3.171","11.667","1.586","22.997","2.946","16.899","2.055","57.249","6.859","28.624","3.332","95.015","10.005","32.554","4.378","40.960","5.627","47.754","6.263","40.891","4.969","42.458","5.116","50.048","5.777","60.218","6.492","26.116","3.743","23.713","3.134","9.402","1.283","16.648","2.153","7.297","0.886","12.561","1.506","19.817","2.326","72.100","7.542","8.438","1.181","9.352","1.260","42.511","5.706","14.902","1.822","66.921","8.034","17.553","2.081","79.033","8.898","4.787","0.674","4.486","0.611","6.780","0.905","24.376","2.960","15.345","1.844","19.011","2.262","27.997","3.167","7.054","0.989","27.697","3.769","13.665","1.858","56.843","7.085","14.928","1.797","28.470","3.397","34.054","3.856"
"65","30","PHARMACEUTICAL PRODUCTS","ITALY","21.066","3.034","21.173","2.777","18.119","2.433","26.835","3.523","37.251","4.542","46.961","5.630","58.071","6.787","73.508","7.858","25.852","3.634","26.724","3.579","24.107","3.250","31.919","4.012","47.734","5.766","32.459","3.869","63.144","7.215","20.819","2.924","32.807","4.458","23.669","3.140","48.326","5.860","48.901","5.872","50.901","5.989","52.370","5.813","21.885","3.061","34.397","4.728","46.871","6.249","46.640","5.646","41.080","4.952","30.931","3.553","82.860","9.133","37.657","5.280","28.769","3.935","33.809","4.542","52.426","6.401","50.576","6.085","68.851","7.981","84.040","9.256","23.700","3.444","34.282","4.571","32.567","4.370","38.533","4.841","47.953","5.837","35.405","4.235","97.481","11.320","12.921","1.861","30.508","4.029","38.353","5.214","38.789","4.968","49.976","6.077","45.522","5.454","53.736","6.255","53.032","5.584","27.912","3.754","27.081","3.720","33.066","4.337","44.989","5.467","53.253","6.416","52.947","6.111","75.940","8.187","22.261","3.191","22.573","2.984","30.326","4.139","33.203","4.294","49.209","5.976","53.820","6.454","44.375","5.209","68.545","7.170","21.022","2.942","33.035","4.451","31.926","4.286","43.860","5.361","50.611","6.076","49.308","5.845","70.420","7.928","21.843","3.075","41.215","5.611","39.969","5.335","49.940","6.065","43.179","5.188","45.580","5.424","66.708","7.545","24.395","3.420","32.509","4.424","27.748","3.772","42.918","5.349","55.043","6.628","38.163","4.554","70.876","8.025"
"66","30","PHARMACEUTICAL PRODUCTS","ECUADOR","20.675","2.978","4.026","0.528","15.630","2.099","25.159","3.303","62.967","7.677","17.549","2.104","40.378","4.719","86.082","9.202","14.757","2.074","12.857","1.722","19.820","2.672","27.005","3.394","42.556","5.141","28.097","3.349","32.148","3.673","14.784","2.077","13.118","1.783","20.204","2.681","24.672","2.992","37.331","4.483","30.023","3.533","33.603","3.730","16.881","2.361","20.654","2.839","19.144","2.552","22.253","2.694","22.813","2.750","15.415","1.771","22.192","2.446","20.145","2.825","19.573","2.677","27.149","3.647","23.824","2.909","27.056","3.255","38.064","4.412","41.127","4.529","19.336","2.810","20.352","2.714","20.010","2.685","33.183","4.169","28.901","3.518","25.061","2.998","34.998","4.064","38.118","5.489","22.373","2.954","10.745","1.461","20.091","2.573","42.443","5.161","29.720","3.561","35.280","4.107","52.902","5.570","13.257","1.783","15.534","2.134","17.269","2.265","41.928","5.095","37.000","4.458","39.871","4.602","38.388","4.138","15.465","2.217","23.094","3.052","16.958","2.315","30.800","3.983","27.760","3.371","21.487","2.577","38.057","4.467","40.429","4.229","9.585","1.341","19.929","2.685","15.625","2.097","25.428","3.108","30.007","3.602","20.926","2.480","29.040","3.269","8.542","1.202","8.642","1.177","30.277","4.041","39.224","4.764","44.332","5.326","34.502","4.106","28.181","3.187","20.981","2.941","24.378","3.318","36.505","4.962","21.305","2.655","31.278","3.766","33.711","4.022","33.208","3.760"
"67","30","PHARMACEUTICAL PRODUCTS","POLAND","20.574","2.963","27.907","3.661","35.203","4.727","70.513","9.258","59.192","7.217","98.977","11.867","106.876","12.491","124.412","13.299","31.851","4.477","33.692","4.512","60.926","8.213","65.141","8.188","113.842","13.751","103.424","12.328","105.765","12.085","23.862","3.352","68.742","9.341","37.136","4.927","87.376","10.596","80.005","9.607","75.199","8.848","106.015","11.768","21.603","3.022","32.010","4.400","46.713","6.228","66.313","8.027","59.924","7.223","71.302","8.190","130.599","14.394","25.778","3.615","26.512","3.626","77.022","10.347","79.808","9.745","78.775","9.477","150.348","17.428","206.995","22.797","28.756","4.179","37.809","5.042","56.799","7.621","76.917","9.663","99.959","12.168","61.606","7.370","156.853","18.214","37.376","5.383","22.966","3.033","41.574","5.652","61.861","7.923","82.238","10.000","85.659","10.262","106.969","12.452","144.820","15.249","18.977","2.552","34.039","4.676","39.688","5.205","83.705","10.172","91.365","11.008","152.712","17.627","148.040","15.959","15.047","2.157","25.760","3.405","36.764","5.018","66.662","8.622","81.682","9.920","71.168","8.534","114.122","13.396","176.385","18.451","16.310","2.283","57.234","7.711","47.656","6.397","65.520","8.009","82.087","9.855","93.186","11.046","129.529","14.582","24.462","3.443","46.804","6.372","55.377","7.392","78.461","9.529","114.656","13.775","116.531","13.868","122.060","13.805","24.655","3.456","23.069","3.139","38.192","5.192","67.263","8.384","79.599","9.585","104.460","12.464","121.502","13.757"
"68","30","PHARMACEUTICAL PRODUCTS","SWITZERLAND","20.327","2.928","3.332","0.437","9.417","1.264","24.525","3.220","16.366","1.995","14.543","1.744","12.279","1.435","14.265","1.525","8.648","1.216","6.532","0.875","9.556","1.288","14.995","1.885","23.724","2.866","11.496","1.370","9.329","1.066","7.865","1.105","31.653","4.301","17.170","2.278","14.950","1.813","4.568","0.549","7.384","0.869","9.675","1.074","6.543","0.915","9.651","1.326","13.818","1.842","17.362","2.102","7.693","0.927","5.783","0.664","12.209","1.346","10.027","1.406","9.353","1.279","11.853","1.592","5.655","0.690","9.421","1.133","15.471","1.793","11.766","1.296","11.889","1.728","4.745","0.633","7.665","1.029","17.453","2.193","19.622","2.389","9.021","1.079","11.987","1.392","12.760","1.838","4.459","0.589","10.107","1.374","16.176","2.072","9.740","1.184","12.536","1.502","15.999","1.862","7.631","0.803","5.193","0.698","8.847","1.215","15.355","2.014","16.514","2.007","12.532","1.510","16.263","1.877","8.651","0.933","15.967","2.288","5.742","0.759","15.966","2.179","18.291","2.366","12.657","1.537","11.743","1.408","10.099","1.185","11.110","1.162","5.173","0.724","28.268","3.809","15.712","2.109","22.478","2.748","9.839","1.181","6.768","0.802","10.637","1.198","9.129","1.285","21.138","2.877","15.191","2.028","10.456","1.270","8.489","1.020","18.872","2.246","8.992","1.017","7.215","1.011","16.295","2.218","10.132","1.377","16.706","2.082","6.105","0.735","15.093","1.801","4.285","0.485"
"69","30","PHARMACEUTICAL PRODUCTS","BANGLADESH PR","18.911","2.724","4.674","0.613","65.629","8.813","47.674","6.259","9.626","1.174","13.108","1.572","62.818","7.342","50.388","5.386","36.311","5.104","13.578","1.818","67.862","9.148","93.620","11.768","28.124","3.397","37.483","4.468","82.370","9.412","85.530","12.014","33.566","4.561","136.169","18.066","72.425","8.783","40.156","4.822","46.583","5.481","61.888","6.869","9.061","1.267","73.561","10.111","24.827","3.310","28.673","3.471","30.040","3.621","128.942","14.812","51.617","5.689","71.586","10.038","206.429","28.236","19.155","2.573","30.617","3.738","21.880","2.632","69.979","8.112","89.686","9.877","31.206","4.535","73.355","9.782","23.117","3.102","38.752","4.868","58.834","7.162","21.931","2.623","99.933","11.605","33.749","4.860","36.766","4.855","27.404","3.725","51.619","6.612","19.191","2.334","27.293","3.270","101.935","11.866","42.949","4.522","10.471","1.408","70.237","9.649","25.919","3.399","31.974","3.886","28.369","3.418","156.486","18.062","27.909","3.009","44.670","6.402","11.103","1.467","25.366","3.462","46.451","6.008","33.488","4.067","45.954","5.511","61.965","7.274","147.857","15.467","110.565","15.474","56.680","7.637","162.974","21.877","46.641","5.701","37.792","4.537","22.150","2.626","108.009","12.160","71.888","10.119","40.031","5.449","84.993","11.345","41.360","5.023","29.764","3.576","48.780","5.805","96.509","10.915","54.541","7.646","70.582","9.605","65.135","8.854","26.139","3.258","67.655","8.147","52.758","6.295","92.327","10.453"
"70","30","PHARMACEUTICAL PRODUCTS","DENMARK","18.501","2.665","14.940","1.960","22.838","3.067","35.950","4.720","25.018","3.050","33.072","3.965","31.963","3.736","55.023","5.882","12.333","1.733","22.407","3.001","17.182","2.316","28.132","3.536","20.588","2.487","37.303","4.446","33.071","3.779","19.751","2.774","32.915","4.473","16.993","2.254","30.953","3.754","19.187","2.304","28.188","3.317","33.058","3.669","15.275","2.137","25.302","3.478","19.075","2.543","21.295","2.578","43.400","5.231","16.752","1.924","27.704","3.053","15.070","2.113","30.866","4.222","16.094","2.162","25.191","3.076","25.572","3.076","47.411","5.496","22.991","2.532","22.323","3.244","16.891","2.252","30.526","4.096","32.319","4.060","20.606","2.508","24.726","2.958","18.892","2.194","21.500","3.096","28.936","3.821","21.518","2.925","31.258","4.004","23.639","2.875","28.444","3.408","65.578","7.634","47.587","5.011","18.640","2.507","26.226","3.603","33.456","4.388","22.738","2.763","30.888","3.722","21.750","2.510","26.502","2.857","24.366","3.492","20.287","2.681","21.646","2.954","20.473","2.648","19.557","2.375","30.440","3.650","29.639","3.479","24.999","2.615","16.060","2.248","23.239","3.131","19.975","2.681","38.149","4.663","12.764","1.532","10.914","1.294","29.107","3.277","18.734","2.637","26.266","3.576","31.628","4.222","17.323","2.104","26.638","3.200","30.756","3.660","29.241","3.307","13.261","1.859","27.962","3.805","18.856","2.563","19.067","2.376","32.436","3.906","38.149","4.552","37.207","4.213"
"71","30","PHARMACEUTICAL PRODUCTS","FINLAND","18.153","2.615","18.866","2.475","27.469","3.688","62.300","8.179","52.749","6.431","29.549","3.543","31.217","3.649","46.683","4.990","15.088","2.121","19.533","2.616","21.200","2.858","65.099","8.183","67.446","8.147","27.917","3.328","51.562","5.892","24.748","3.476","32.160","4.370","25.081","3.328","164.798","19.984","30.281","3.636","40.904","4.813","50.834","5.643","22.280","3.117","36.752","5.051","31.227","4.163","103.620","12.544","26.683","3.216","33.391","3.836","46.251","5.098","17.981","2.521","16.003","2.189","25.867","3.475","66.783","8.154","32.434","3.902","44.067","5.108","30.582","3.368","13.862","2.015","25.203","3.361","42.700","5.729","25.752","3.235","64.322","7.830","44.537","5.328","40.346","4.685","10.335","1.488","16.659","2.200","31.284","4.253","12.809","1.641","89.550","10.890","35.312","4.230","58.715","6.835","61.682","6.495","14.692","1.976","43.735","6.008","28.477","3.735","99.168","12.051","35.358","4.260","40.059","4.624","48.993","5.282","21.738","3.115","19.098","2.524","30.443","4.155","18.110","2.342","85.825","10.423","42.818","5.134","43.087","5.058","53.303","5.576","16.077","2.250","24.800","3.341","7.034","0.944","66.080","8.077","38.691","4.645","33.753","4.001","47.852","5.387","24.753","3.484","26.586","3.619","18.008","2.404","73.564","8.934","88.053","10.579","44.968","5.351","41.708","4.717","23.306","3.267","23.624","3.215","21.977","2.987","56.798","7.079","88.697","10.680","34.900","4.164","42.525","4.815"
"72","30","PHARMACEUTICAL PRODUCTS","BOLIVIA","17.113","2.465","6.338","0.831","26.561","3.567","23.438","3.077","12.718","1.551","10.188","1.222","17.276","2.019","18.596","1.988","12.372","1.739","16.784","2.248","67.282","9.070","20.637","2.594","12.295","1.485","20.851","2.485","24.826","2.837","17.801","2.500","10.729","1.458","29.764","3.949","8.778","1.064","19.334","2.322","11.782","1.386","16.611","1.844","13.006","1.819","35.380","4.863","18.665","2.489","12.542","1.518","16.733","2.017","11.316","1.300","18.644","2.055","14.898","2.089","22.133","3.027","45.721","6.142","8.480","1.035","8.041","0.967","7.445","0.863","30.414","3.350","10.307","1.498","8.345","1.113","34.036","4.567","32.702","4.108","24.468","2.978","31.543","3.773","14.690","1.706","18.835","2.713","13.306","1.757","18.011","2.449","18.315","2.346","18.638","2.266","24.111","2.889","13.184","1.535","7.141","0.752","3.255","0.438","37.427","5.142","23.020","3.019","19.352","2.352","16.612","2.001","18.812","2.171","11.379","1.227","12.885","1.847","7.268","0.961","19.093","2.606","9.764","1.263","14.671","1.782","14.429","1.730","14.896","1.749","10.519","1.100","17.579","2.460","15.029","2.025","18.926","2.541","12.772","1.561","12.960","1.556","9.074","1.076","14.956","1.684","15.787","2.222","20.448","2.784","13.690","1.827","7.361","0.894","8.910","1.070","15.970","1.900","16.568","1.874","13.844","1.941","21.480","2.923","30.370","4.128","25.024","3.119","12.884","1.551","9.927","1.184","12.180","1.379"
"73","30","PHARMACEUTICAL PRODUCTS","SAUDI ARAB","16.947","2.441","32.628","4.280","14.127","1.897","66.146","8.684","57.589","7.021","71.006","8.513","85.601","10.005","119.633","12.788","30.560","4.295","16.081","2.154","16.956","2.286","62.957","7.914","63.222","7.637","98.011","11.682","93.591","10.694","23.659","3.323","34.747","4.722","74.310","9.859","105.901","12.842","98.469","11.824","157.887","18.578","117.658","13.060","19.693","2.755","84.895","11.668","40.396","5.386","62.314","7.543","24.681","2.975","56.731","6.517","55.228","6.087","7.634","1.071","15.696","2.147","71.627","9.622","120.936","14.766","34.215","4.116","93.573","10.847","65.802","7.247","29.755","4.324","56.984","7.599","46.332","6.217","67.394","8.466","59.813","7.281","82.376","9.854","119.027","13.822","24.410","3.515","56.057","7.402","50.115","6.813","48.825","6.254","78.512","9.547","93.213","11.167","113.870","13.256","70.299","7.402","30.465","4.097","60.503","8.312","100.164","13.137","70.592","8.579","81.823","9.858","151.733","17.513","127.122","13.704","16.157","2.316","33.609","4.442","20.611","2.813","19.552","2.529","65.068","7.902","60.849","7.297","131.981","15.493","83.237","8.707","34.778","4.867","26.130","3.521","25.008","3.357","66.095","8.079","27.031","3.245","135.615","16.075","64.179","7.225","29.313","4.126","32.757","4.459","58.022","7.745","113.573","13.793","40.875","4.911","157.920","18.793","87.449","9.891","42.928","6.018","52.529","7.149","45.978","6.250","99.092","12.351","52.753","6.352","156.072","18.623","92.343","10.455"
"74","30","PHARMACEUTICAL PRODUCTS","SUDAN","16.883","2.432","23.741","3.114","40.450","5.432","44.318","5.818","172.795","21.067","39.120","4.690","121.112","14.155","128.349","13.720","58.483","8.220","28.885","3.868","50.617","6.823","41.576","5.226","34.012","4.108","43.351","5.167","81.325","9.292","26.722","3.754","34.050","4.627","37.024","4.912","54.942","6.662","43.559","5.230","53.160","6.255","123.625","13.722","37.818","5.290","36.195","4.975","50.194","6.692","161.292","19.525","79.572","9.591","74.414","8.548","112.393","12.388","31.986","4.485","24.795","3.391","41.302","5.548","54.323","6.633","48.746","5.864","76.299","8.845","104.458","11.504","20.461","2.974","25.638","3.419","48.546","6.514","42.332","5.318","39.455","4.803","65.271","7.808","134.372","15.604","33.460","4.819","35.271","4.658","57.065","7.758","29.549","3.785","23.506","2.858","46.047","5.517","107.357","12.497","95.169","10.021","41.678","5.606","61.687","8.474","37.430","4.909","81.047","9.849","69.834","8.414","76.818","8.867","112.060","12.081","33.769","4.840","20.152","2.663","31.371","4.282","45.519","5.887","23.695","2.878","58.984","7.073","84.165","9.880","113.614","11.885","39.454","5.522","36.735","4.949","17.412","2.337","48.123","5.882","91.890","11.031","73.773","8.745","110.510","12.441","54.357","7.652","22.736","3.095","42.313","5.648","68.548","8.325","122.153","14.676","38.337","4.562","66.119","7.478","24.139","3.384","35.532","4.835","27.668","3.761","46.079","5.743","36.709","4.420","62.515","7.459","85.062","9.631"
"75","30","PHARMACEUTICAL PRODUCTS","PAPUA N GNA","15.925","2.294","20.106","2.637","20.469","2.749","17.398","2.284","9.799","1.195","17.874","2.143","10.813","1.264","24.262","2.594","13.242","1.861","8.464","1.133","10.390","1.401","11.177","1.405","9.872","1.192","8.553","1.019","14.585","1.667","6.288","0.883","10.618","1.443","12.420","1.648","16.874","2.046","17.236","2.070","10.795","1.270","19.072","2.117","17.781","2.487","14.492","1.992","15.898","2.120","9.275","1.123","8.108","0.977","5.670","0.651","8.052","0.887","16.929","2.374","7.571","1.036","3.693","0.496","16.840","2.056","10.877","1.309","7.590","0.880","18.340","2.020","9.603","1.396","8.886","1.185","10.598","1.422","9.284","1.166","17.262","2.101","12.697","1.519","8.569","0.995","10.368","1.493","6.426","0.849","10.683","1.452","15.007","1.922","6.131","0.746","19.561","2.343","24.967","2.906","24.770","2.608","5.371","0.722","18.545","2.548","14.784","1.939","32.611","3.963","34.264","4.128","23.538","2.717","25.127","2.709","18.620","2.669","7.019","0.928","5.781","0.789","17.053","2.206","12.643","1.535","11.520","1.381","8.235","0.967","26.412","2.763","7.928","1.110","7.274","0.980","8.965","1.203","17.330","2.118","13.090","1.571","7.857","0.931","10.753","1.211","11.722","1.650","9.896","1.347","3.348","0.447","13.284","1.613","21.135","2.539","5.579","0.664","10.284","1.163","4.849","0.680","11.914","1.621","5.595","0.761","20.598","2.567","24.489","2.949","12.206","1.456","14.398","1.630"
"76","30","PHARMACEUTICAL PRODUCTS","IRELAND","15.296","2.203","5.059","0.664","9.675","1.299","9.654","1.267","17.941","2.187","20.804","2.494","8.884","1.038","18.826","2.012","11.536","1.621","9.615","1.288","6.405","0.863","8.269","1.039","87.463","10.565","11.375","1.356","12.572","1.437","18.606","2.614","8.724","1.185","14.655","1.944","11.107","1.347","13.560","1.628","5.535","0.651","16.606","1.843","9.616","1.345","11.639","1.600","7.048","0.940","11.027","1.335","13.592","1.638","6.080","0.698","13.102","1.444","8.581","1.203","16.844","2.304","11.729","1.576","14.914","1.821","28.545","3.434","51.513","5.971","18.950","2.087","15.199","2.209","11.265","1.502","6.450","0.865","9.463","1.189","23.244","2.829","17.693","2.117","19.523","2.267","10.247","1.476","9.755","1.288","12.389","1.684","10.967","1.405","17.153","2.086","15.165","1.817","12.892","1.501","16.953","1.785","15.137","2.036","13.506","1.855","7.423","0.974","9.575","1.164","13.255","1.597","23.645","2.729","13.260","1.429","14.343","2.056","8.185","1.082","6.342","0.866","10.761","1.392","13.868","1.684","15.623","1.873","29.265","3.435","10.597","1.108","15.754","2.205","9.581","1.291","12.213","1.639","27.164","3.320","9.312","1.118","17.330","2.054","13.220","1.488","15.088","2.124","13.005","1.770","15.167","2.025","10.805","1.312","93.940","11.286","16.609","1.977","20.079","2.271","21.325","2.989","7.443","1.013","6.959","0.946","11.400","1.421","54.832","6.602","22.841","2.725","19.280","2.183"
"77","30","PHARMACEUTICAL PRODUCTS","MADAGASCAR","15.055","2.168","13.096","1.718","21.153","2.840","15.785","2.072","22.463","2.739","44.212","5.301","24.188","2.827","31.306","3.346","7.086","0.996","15.503","2.076","17.941","2.418","20.111","2.528","23.771","2.871","25.128","2.995","25.149","2.874","12.213","1.715","12.032","1.635","19.854","2.634","19.582","2.375","27.245","3.271","52.940","6.229","28.895","3.207","9.536","1.334","15.782","2.169","16.270","2.169","17.153","2.076","33.029","3.981","31.041","3.566","32.389","3.570","12.946","1.815","7.575","1.036","16.007","2.150","21.595","2.637","31.926","3.841","29.455","3.414","31.919","3.515","15.864","2.305","21.083","2.811","23.631","3.171","20.173","2.534","44.251","5.386","30.082","3.599","22.000","2.555","8.153","1.174","13.931","1.840","17.320","2.355","21.400","2.741","41.808","5.084","52.512","6.291","38.449","4.476","47.731","5.026","14.859","1.999","18.361","2.522","23.529","3.086","9.625","1.170","38.151","4.597","56.158","6.482","33.390","3.600","15.169","2.174","12.403","1.639","16.752","2.286","23.371","3.023","17.717","2.152","29.214","3.503","24.195","2.840","53.537","5.600","7.585","1.062","10.617","1.431","26.751","3.591","19.314","2.361","37.847","4.544","23.116","2.740","44.586","5.020","15.902","2.239","18.244","2.484","11.307","1.509","20.073","2.438","46.065","5.534","21.384","2.545","24.560","2.778","11.529","1.616","13.190","1.795","17.502","2.379","18.687","2.329","30.368","3.657","38.258","4.565","27.114","3.070"
"78","30","PHARMACEUTICAL PRODUCTS","CAMBODIA","14.978","2.157","35.178","4.614","20.758","2.787","46.136","6.057","42.638","5.198","49.871","5.979","48.288","5.644","39.660","4.239","27.311","3.839","32.976","4.416","49.947","6.733","49.400","6.210","58.115","7.020","39.287","4.683","50.316","5.749","34.659","4.868","38.249","5.197","55.765","7.399","49.111","5.955","72.316","8.684","44.704","5.260","60.823","6.751","28.629","4.005","30.072","4.133","52.532","7.004","42.980","5.203","34.860","4.202","43.226","4.965","43.198","4.761","31.427","4.407","31.271","4.277","46.840","6.292","46.800","5.714","36.967","4.447","44.660","5.177","36.841","4.057","30.984","4.503","25.636","3.418","33.055","4.435","50.518","6.346","36.873","4.488","33.519","4.010","49.046","5.695","37.290","5.370","33.311","4.399","21.173","2.878","39.710","5.086","38.211","4.647","29.508","3.535","49.586","5.772","73.457","7.735","15.360","2.066","33.324","4.578","63.783","8.366","46.121","5.605","35.262","4.249","36.651","4.230","50.632","5.458","25.348","3.633","30.375","4.015","26.807","3.659","43.814","5.667","40.097","4.869","31.250","3.747","38.354","4.502","45.750","4.786","44.657","6.250","32.693","4.405","39.659","5.324","35.376","4.324","29.938","3.594","55.937","6.630","48.131","5.419","31.912","4.492","36.714","4.998","30.938","4.130","37.819","4.593","36.069","4.333","44.102","5.248","57.833","6.541","34.640","4.856","35.191","4.789","46.284","6.292","64.644","8.057","37.883","4.562","33.969","4.053","48.553","5.497"
"79","30","PHARMACEUTICAL PRODUCTS","COTE D' IVOIRE","14.101","2.031","7.955","1.044","30.840","4.141","18.000","2.363","21.576","2.631","11.925","1.430","17.127","2.002","29.961","3.203","38.324","5.387","28.089","3.762","22.938","3.092","22.368","2.812","20.666","2.496","52.075","6.207","68.823","7.864","25.985","3.650","16.555","2.249","36.283","4.814","16.284","1.975","38.226","4.590","35.845","4.218","71.537","7.941","13.283","1.858","61.849","8.501","27.566","3.675","10.984","1.330","39.200","4.725","43.747","5.025","58.962","6.499","8.389","1.176","23.094","3.159","39.806","5.347","20.816","2.542","33.704","4.055","70.520","8.175","50.422","5.553","40.202","5.843","25.154","3.354","18.239","2.447","27.310","3.431","16.124","1.963","37.556","4.493","49.839","5.787","29.395","4.233","37.815","4.994","18.417","2.504","26.964","3.454","50.373","6.126","57.592","6.900","29.001","3.376","33.268","3.503","16.885","2.271","69.160","9.501","45.063","5.910","57.583","6.998","20.119","2.424","53.220","6.143","33.371","3.598","34.510","4.946","28.375","3.750","30.128","4.112","31.381","4.059","37.786","4.589","36.754","4.407","22.977","2.697","21.617","2.261","28.949","4.051","10.538","1.420","7.567","1.016","35.378","4.324","22.287","2.676","18.649","2.211","33.844","3.810","21.791","3.067","16.060","2.186","17.479","2.333","22.632","2.749","31.362","3.768","22.091","2.629","21.628","2.446","29.778","4.174","43.341","5.898","20.204","2.746","26.326","3.281","50.293","6.056","52.817","6.302","53.492","6.056"
"80","30","PHARMACEUTICAL PRODUCTS","JAMAICA","13.155","1.895","19.996","2.623","13.421","1.802","21.532","2.827","26.578","3.240","15.231","1.826","36.824","4.304","31.588","3.377","11.859","1.667","25.436","3.406","13.701","1.847","17.508","2.201","15.811","1.910","14.085","1.679","17.241","1.970","15.124","2.124","19.874","2.701","20.251","2.687","29.696","3.601","28.635","3.438","26.064","3.067","21.648","2.403","12.119","1.695","11.154","1.533","19.084","2.544","16.023","1.940","30.585","3.687","29.049","3.337","17.452","1.923","14.128","1.981","16.811","2.299","20.336","2.732","11.373","1.389","16.010","1.926","17.123","1.985","15.502","1.707","14.235","2.069","12.882","1.718","7.211","0.968","21.508","2.702","15.916","1.937","27.844","3.331","29.146","3.385","16.216","2.335","23.417","3.092","19.317","2.626","18.098","2.318","29.987","3.647","12.151","1.456","15.645","1.821","19.411","2.044","9.154","1.231","19.895","2.733","23.495","3.082","29.199","3.548","40.879","4.925","23.565","2.720","13.272","1.431","12.831","1.839","19.103","2.525","13.609","1.857","16.884","2.184","20.448","2.483","16.738","2.007","26.765","3.142","16.653","1.742","17.704","2.478","12.299","1.657","19.558","2.625","15.405","1.883","18.774","2.254","19.708","2.336","12.800","1.441","9.198","1.295","15.879","2.162","10.028","1.339","15.543","1.888","24.215","2.909","17.651","2.101","15.584","1.763","14.698","2.060","21.710","2.954","22.765","3.095","21.684","2.703","27.741","3.340","21.111","2.519","23.293","2.637"
"81","30","PHARMACEUTICAL PRODUCTS","MOROCCO","12.781","1.841","14.570","1.911","23.430","3.146","29.479","3.870","47.108","5.743","40.924","4.907","63.164","7.382","63.214","6.757","17.593","2.473","10.971","1.469","26.974","3.636","25.790","3.242","39.719","4.798","33.775","4.026","76.708","8.765","39.368","5.530","34.122","4.637","58.621","7.778","42.385","5.140","56.773","6.817","53.673","6.316","48.491","5.382","23.377","3.270","95.914","13.183","23.537","3.138","23.503","2.845","48.701","5.870","82.569","9.485","79.927","8.809","28.595","4.010","44.293","6.058","30.908","4.152","25.629","3.129","27.981","3.366","63.077","7.312","79.875","8.797","15.073","2.191","35.155","4.688","26.322","3.532","24.786","3.114","34.774","4.233","61.148","7.315","55.895","6.491","30.305","4.364","44.656","5.897","36.949","5.023","32.333","4.141","35.108","4.269","79.408","9.513","68.095","7.927","103.908","10.941","33.218","4.468","34.580","4.751","51.319","6.731","32.382","3.935","48.912","5.893","113.307","13.078","77.405","8.345","13.981","2.004","31.164","4.119","32.540","4.441","33.580","4.343","38.678","4.697","38.123","4.571","62.206","7.302","70.386","7.363","17.112","2.395","34.441","4.640","32.408","4.350","37.953","4.639","24.804","2.978","61.712","7.315","50.039","5.633","21.896","3.082","24.611","3.350","41.119","5.489","23.528","2.857","44.231","5.314","42.335","5.038","36.763","4.158","30.567","4.285","40.167","5.466","37.962","5.160","38.612","4.813","38.725","4.663","84.478","10.080","93.211","10.553"
"82","30","PHARMACEUTICAL PRODUCTS","TAJIKISTAN","12.588","1.813","2.240","0.294","10.434","1.401","11.049","1.451","22.393","2.730","20.489","2.457","22.955","2.683","11.715","1.252","12.515","1.759","19.385","2.596","12.615","1.700","20.638","2.594","21.651","2.615","23.595","2.812","40.063","4.578","12.828","1.802","19.802","2.691","16.805","2.230","20.549","2.492","26.475","3.179","34.813","4.096","33.692","3.740","10.169","1.423","8.682","1.193","16.134","2.151","16.409","1.986","24.040","2.898","24.269","2.788","34.435","3.795","15.097","2.117","20.239","2.768","16.499","2.216","17.178","2.097","19.818","2.384","20.874","2.420","29.466","3.245","12.710","1.847","15.278","2.037","15.452","2.073","11.857","1.490","17.124","2.084","24.290","2.906","26.171","3.039","6.093","0.877","14.689","1.940","12.191","1.657","15.152","1.941","43.627","5.305","14.836","1.777","14.803","1.723","16.115","1.697","3.496","0.470","19.352","2.658","22.820","2.993","28.823","3.503","28.990","3.493","37.230","4.297","17.751","1.914","6.374","0.914","18.229","2.409","7.812","1.066","14.371","1.859","27.306","3.316","21.416","2.568","15.094","1.772","8.099","0.847","15.138","2.119","22.382","3.016","20.210","2.713","22.995","2.811","29.854","3.584","24.460","2.899","36.846","4.148","13.313","1.874","19.985","2.721","16.282","2.173","20.255","2.460","24.191","2.906","23.411","2.786","26.320","2.977","7.707","1.080","18.182","2.474","15.501","2.107","22.395","2.791","17.489","2.106","29.235","3.488","31.079","3.519"
"83","30","PHARMACEUTICAL PRODUCTS","LIBERIA","12.168","1.753","6.475","0.849","17.910","2.405","8.556","1.123","12.518","1.526","13.497","1.618","12.309","1.439","11.962","1.279","5.388","0.757","10.420","1.395","15.752","2.123","6.431","0.808","17.892","2.161","21.115","2.517","14.843","1.696","3.805","0.534","9.045","1.229","11.067","1.468","10.249","1.243","11.139","1.338","13.686","1.610","13.830","1.535","23.773","3.325","13.732","1.887","12.902","1.720","11.245","1.361","14.498","1.748","7.980","0.917","23.011","2.536","19.330","2.711","8.935","1.222","13.154","1.767","4.287","0.523","6.921","0.833","15.749","1.826","24.679","2.718","7.264","1.056","12.253","1.634","10.620","1.425","11.850","1.489","10.880","1.324","16.211","1.939","16.387","1.903","8.319","1.198","11.685","1.543","8.823","1.199","17.904","2.293","9.575","1.164","10.049","1.204","9.492","1.105","13.249","1.395","5.362","0.721","14.546","1.998","10.749","1.410","11.683","1.420","10.836","1.306","11.109","1.282","18.657","2.011","7.043","1.009","7.329","0.969","6.091","0.831","9.632","1.246","17.318","2.103","9.285","1.113","10.737","1.260","16.924","1.770","4.107","0.575","9.384","1.264","10.076","1.353","8.369","1.023","10.411","1.250","8.645","1.025","21.463","2.416","11.196","1.576","17.445","2.375","11.142","1.487","11.281","1.370","18.722","2.249","22.891","2.724","14.674","1.660","7.627","1.069","9.484","1.291","12.009","1.632","14.088","1.756","9.134","1.100","22.239","2.654","17.466","1.978"
"84","30","PHARMACEUTICAL PRODUCTS","BENIN","12.069","1.738","8.611","1.130","13.806","1.854","19.811","2.601","15.999","1.951","12.891","1.546","26.940","3.149","43.939","4.697","12.263","1.724","11.009","1.474","13.537","1.825","25.618","3.220","14.412","1.741","32.544","3.879","44.410","5.074","10.362","1.455","10.050","1.366","15.402","2.043","15.556","1.886","11.435","1.373","13.615","1.602","40.291","4.472","11.720","1.639","7.767","1.068","25.950","3.460","20.266","2.453","15.448","1.862","10.598","1.217","46.779","5.156","10.501","1.473","10.010","1.369","10.225","1.374","21.465","2.621","24.902","2.996","16.420","1.903","74.987","8.259","12.171","1.769","23.558","3.141","25.806","3.463","16.432","2.064","10.240","1.246","18.927","2.264","28.966","3.364","13.012","1.874","19.035","2.514","16.657","2.264","29.438","3.771","8.905","1.083","12.102","1.450","18.837","2.193","53.463","5.629","6.955","0.935","14.006","1.924","8.661","1.136","25.791","3.134","11.390","1.372","22.656","2.615","26.583","2.866","15.326","2.196","17.763","2.348","11.068","1.511","12.551","1.623","24.807","3.013","18.973","2.275","26.035","3.056","42.830","4.480","16.645","2.330","12.858","1.732","11.331","1.521","14.691","1.796","11.079","1.330","25.255","2.994","28.323","3.189","14.584","2.053","5.955","0.811","8.318","1.110","23.466","2.850","14.986","1.800","13.450","1.601","56.610","6.403","15.831","2.219","33.347","4.538","9.422","1.281","16.881","2.104","11.291","1.360","17.288","2.063","29.639","3.356"
"85","30","PHARMACEUTICAL PRODUCTS","SWAZILAND","11.963","1.723","1.523","0.200","4.922","0.661","14.568","1.913","2.659","0.324","4.587","0.550","1.859","0.217","1.149","0.123","0.202","0.028","3.436","0.460","3.403","0.459","0.470","0.059","4.604","0.556","0.858","0.102","2.800","0.320","7.686","1.080","9.681","1.315","31.268","4.148","1.588","0.193","1.208","0.145","2.841","0.334","3.491","0.388","7.035","0.984","5.077","0.698","4.372","0.583","3.282","0.397","0.848","0.102","3.729","0.428","1.445","0.159","18.044","2.530","16.024","2.192","2.127","0.286","1.530","0.187","4.393","0.529","2.612","0.303","0.984","0.108","6.100","0.887","19.061","2.542","8.434","1.132","3.832","0.481","10.810","1.316","1.969","0.236","3.615","0.420","2.259","0.325","28.946","3.822","30.041","4.084","1.099","0.141","0.925","0.113","1.007","0.121","2.794","0.325","1.464","0.154","7.085","0.953","1.588","0.218","23.236","3.048","2.770","0.337","0.887","0.107","2.519","0.291","0.732","0.079","2.500","0.358","5.358","0.708","3.434","0.469","0.025","0.003","42.734","5.190","5.065","0.607","1.962","0.230","0.575","0.060","15.707","2.198","16.878","2.274","1.994","0.268","2.205","0.270","0.842","0.101","4.253","0.504","1.537","0.173","3.915","0.551","23.608","3.214","6.248","0.834","2.437","0.296","21.018","2.525","1.612","0.192","2.528","0.286","1.148","0.161","0.843","0.115","21.040","2.860","3.995","0.498","4.857","0.585","2.510","0.300","7.276","0.824"
"86","30","PHARMACEUTICAL PRODUCTS","OMAN","11.218","1.616","13.304","1.745","17.018","2.285","15.655","2.055","51.627","6.294","21.948","2.631","31.872","3.725","40.423","4.321","8.431","1.185","17.195","2.303","10.756","1.450","18.432","2.317","29.143","3.520","38.830","4.628","30.351","3.468","15.204","2.136","31.334","4.258","15.801","2.096","20.486","2.484","29.420","3.533","37.207","4.378","29.321","3.255","10.775","1.507","19.052","2.619","23.839","3.178","22.721","2.750","39.245","4.730","32.954","3.785","28.516","3.143","11.270","1.580","28.306","3.872","15.951","2.143","32.045","3.913","25.207","3.033","41.587","4.821","25.552","2.814","7.405","1.076","18.033","2.405","25.935","3.480","23.259","2.922","23.665","2.881","34.160","4.086","43.509","5.052","12.385","1.784","18.198","2.403","24.690","3.356","30.471","3.903","22.274","2.709","62.305","7.464","26.663","3.104","42.498","4.475","13.230","1.779","16.968","2.331","33.089","4.340","38.077","4.627","44.483","5.360","46.130","5.324","24.395","2.630","10.247","1.469","11.465","1.515","18.767","2.561","22.105","2.859","23.511","2.855","24.828","2.977","43.471","5.103","38.110","3.986","7.372","1.032","13.015","1.754","18.106","2.430","28.816","3.522","19.372","2.326","39.818","4.720","33.326","3.752","13.356","1.880","13.350","1.817","23.271","3.106","24.620","2.990","16.728","2.010","46.263","5.506","25.715","2.908","11.265","1.579","26.666","3.629","28.503","3.875","22.503","2.805","22.668","2.729","32.203","3.843","34.611","3.919"
"87","30","PHARMACEUTICAL PRODUCTS","HONDURAS","11.201","1.613","2.951","0.387","17.739","2.382","24.039","3.156","16.936","2.065","28.941","3.470","24.347","2.846","33.410","3.571","14.516","2.040","19.262","2.579","16.672","2.247","15.530","1.952","25.172","3.041","24.693","2.943","28.584","3.266","16.031","2.252","13.639","1.853","13.111","1.739","17.190","2.085","28.233","3.390","16.968","1.997","36.485","4.050","10.699","1.497","16.465","2.263","21.293","2.839","18.501","2.240","33.515","4.040","22.121","2.541","19.271","2.124","9.637","1.351","19.212","2.628","15.660","2.104","12.288","1.500","23.425","2.818","19.979","2.316","15.753","1.735","17.055","2.479","14.429","1.924","28.057","3.765","14.839","1.864","27.238","3.316","24.797","2.966","31.610","3.671","11.228","1.617","14.868","1.963","16.984","2.309","28.780","3.686","22.583","2.746","24.262","2.907","30.563","3.558","34.011","3.581","16.094","2.165","22.112","3.038","27.480","3.604","18.872","2.293","27.699","3.337","15.897","1.835","22.718","2.449","15.044","2.156","12.290","1.624","16.445","2.244","20.158","2.607","13.370","1.624","28.260","3.389","27.257","3.200","29.693","3.106","19.112","2.675","18.557","2.500","20.902","2.806","13.728","1.678","17.788","2.136","15.009","1.779","37.610","4.234","12.179","1.714","15.762","2.146","29.671","3.961","28.668","3.482","21.108","2.536","18.125","2.157","39.382","4.454","9.695","1.359","24.976","3.399","20.133","2.737","15.596","1.944","26.670","3.211","19.573","2.335","34.963","3.959"
"88","30","PHARMACEUTICAL PRODUCTS","SWEDEN","11.134","1.604","7.300","0.958","22.353","3.001","8.128","1.067","17.460","2.129","50.774","6.088","11.413","1.334","37.735","4.034","10.192","1.433","16.890","2.262","7.558","1.019","8.069","1.014","18.890","2.282","24.864","2.964","24.023","2.745","12.007","1.687","14.868","2.020","13.585","1.802","20.682","2.508","30.349","3.644","21.043","2.476","43.808","4.863","12.524","1.752","15.763","2.167","12.600","1.680","13.496","1.634","14.275","1.721","16.884","1.939","43.500","4.794","14.742","2.067","23.909","3.270","8.509","1.143","6.016","0.735","8.476","1.020","27.564","3.195","18.375","2.024","7.386","1.073","21.250","2.834","16.374","2.197","24.524","3.081","20.491","2.494","29.804","3.565","20.971","2.435","13.585","1.956","20.290","2.679","17.822","2.423","8.699","1.114","11.507","1.399","25.770","3.087","26.444","3.078","20.420","2.150","7.607","1.023","17.631","2.422","8.271","1.085","23.368","2.840","18.261","2.200","23.678","2.733","53.908","5.811","3.695","0.530","18.900","2.498","15.723","2.146","12.000","1.552","20.012","2.430","31.391","3.764","21.972","2.579","24.748","2.589","10.011","1.401","17.665","2.380","3.999","0.537","5.585","0.683","23.949","2.875","23.305","2.762","40.328","4.540","12.749","1.795","12.271","1.671","9.921","1.324","14.331","1.740","23.066","2.771","33.408","3.976","27.104","3.066","14.916","2.091","19.287","2.625","16.784","2.282","15.268","1.903","8.531","1.027","13.907","1.659","46.324","5.245"
"89","30","PHARMACEUTICAL PRODUCTS","CHAD","11.024","1.588","4.832","0.634","9.728","1.306","8.717","1.144","9.145","1.115","44.875","5.380","32.713","3.823","34.861","3.726","7.770","1.092","15.044","2.015","8.025","1.082","7.000","0.880","24.159","2.918","16.218","1.933","23.679","2.706","13.124","1.843","17.845","2.425","21.400","2.839","18.328","2.223","22.461","2.697","23.141","2.723","28.702","3.186","24.426","3.417","20.694","2.844","13.675","1.823","16.569","2.006","27.030","3.258","26.923","3.093","29.092","3.206","23.837","3.343","12.416","1.698","15.440","2.074","10.038","1.226","33.249","4.000","36.352","4.214","49.783","5.483","17.846","2.594","16.071","2.143","14.858","1.994","4.542","0.571","17.508","2.131","22.677","2.713","24.579","2.854","8.908","1.283","9.916","1.310","21.840","2.969","9.048","1.159","10.719","1.303","36.774","4.406","36.879","4.293","38.411","4.045","13.694","1.842","19.961","2.742","16.130","2.116","20.613","2.505","46.544","5.608","27.508","3.175","46.853","5.051","7.287","1.044","23.418","3.095","24.374","3.327","41.650","5.387","7.814","0.949","30.410","3.647","30.599","3.592","17.892","1.872","10.743","1.504","24.325","3.277","8.150","1.094","6.660","0.814","35.341","4.243","14.453","1.713","41.682","4.693","9.225","1.299","12.016","1.636","13.706","1.830","7.985","0.970","20.230","2.431","20.410","2.429","35.599","4.026","9.590","1.344","27.580","3.753","19.405","2.638","8.036","1.002","26.203","3.155","13.395","1.598","23.370","2.646"
"90","30","PHARMACEUTICAL PRODUCTS","SOMALIA","11.006","1.585","5.660","0.742","17.244","2.315","21.886","2.873","27.199","3.316","27.926","3.348","33.799","3.950","37.794","4.040","15.558","2.187","14.312","1.917","20.061","2.704","23.240","2.921","29.173","3.524","33.619","4.007","38.445","4.393","10.626","1.493","19.305","2.623","25.246","3.350","32.282","3.915","25.543","3.067","34.694","4.082","47.434","5.265","12.643","1.768","23.374","3.213","15.066","2.009","23.992","2.904","30.008","3.617","32.819","3.770","36.232","3.993","10.496","1.472","18.779","2.569","18.703","2.512","18.580","2.269","24.687","2.970","47.876","5.550","36.750","4.047","7.995","1.162","15.442","2.059","14.065","1.887","24.104","3.028","31.681","3.856","29.453","3.523","33.935","3.941","10.943","1.576","13.165","1.739","18.748","2.549","36.896","4.726","24.060","2.926","22.390","2.682","30.265","3.523","31.423","3.309","3.400","0.457","21.540","2.959","20.965","2.750","31.022","3.770","34.506","4.157","32.232","3.720","42.709","4.604","8.673","1.243","8.776","1.160","11.478","1.567","20.424","2.641","28.940","3.515","34.733","4.165","36.941","4.336","32.990","3.451","9.914","1.388","16.460","2.218","12.251","1.645","25.879","3.163","25.380","3.047","23.393","2.773","27.636","3.111","10.132","1.426","17.784","2.421","17.858","2.384","21.449","2.605","24.057","2.890","37.027","4.406","32.645","3.692","12.433","1.743","14.695","2.000","20.846","2.834","23.531","2.933","23.359","2.813","31.958","3.813","32.197","3.645"
"91","30","PHARMACEUTICAL PRODUCTS","BOTSWANA","10.536","1.518","28.562","3.746","3.375","0.453","48.459","6.362","29.921","3.648","14.280","1.712","5.971","0.698","18.570","1.985","21.159","2.974","2.896","0.388","27.516","3.709","7.991","1.004","10.004","1.208","34.928","4.163","10.598","1.211","41.092","5.772","17.772","2.415","5.081","0.674","4.115","0.499","31.037","3.727","2.867","0.337","23.562","2.615","2.936","0.411","6.047","0.831","25.612","3.415","11.099","1.344","18.875","2.275","3.048","0.350","5.639","0.622","5.084","0.713","6.994","0.957","28.452","3.822","9.761","1.192","24.225","2.914","4.560","0.529","15.115","1.665","15.306","2.224","13.027","1.737","47.440","6.366","11.936","1.499","21.549","2.623","5.096","0.610","4.253","0.494","6.909","0.995","15.418","2.036","19.538","2.656","4.154","0.532","21.187","2.576","34.031","4.077","4.766","0.555","37.694","3.969","18.407","2.476","8.363","1.149","12.765","1.674","9.713","1.180","6.850","0.825","15.763","1.819","13.470","1.452","3.737","0.536","7.600","1.005","1.517","0.207","77.694","10.048","24.892","3.023","13.126","1.574","7.944","0.933","24.611","2.574","49.550","6.935","33.084","4.458","4.591","0.616","15.689","1.918","23.067","2.769","14.621","1.733","8.948","1.007","39.250","5.525","12.807","1.743","5.224","0.697","4.630","0.562","22.462","2.699","8.199","0.976","10.011","1.132","23.353","3.274","13.932","1.896","7.223","0.982","11.771","1.467","24.255","2.921","27.144","3.239","15.074","1.707"
"92","30","PHARMACEUTICAL PRODUCTS","MALDIVES","10.517","1.515","14.850","1.948","11.338","1.522","15.230","1.999","21.110","2.574","15.392","1.845","26.885","3.142","22.944","2.453","11.126","1.564","13.997","1.874","8.729","1.177","15.658","1.968","20.010","2.417","12.995","1.549","24.348","2.782","15.889","2.232","13.037","1.771","16.431","2.180","33.485","4.061","25.957","3.117","22.603","2.660","20.374","2.261","15.393","2.153","13.826","1.900","15.190","2.025","21.810","2.640","25.750","3.104","19.855","2.281","21.695","2.391","17.595","2.467","15.120","2.068","12.977","1.743","22.220","2.713","14.968","1.801","17.609","2.041","18.991","2.092","11.050","1.606","10.969","1.463","16.338","2.192","16.379","2.058","15.719","1.913","16.403","1.962","29.018","3.370","10.305","1.484","17.250","2.278","20.014","2.721","19.722","2.526","21.055","2.560","17.638","2.113","24.989","2.909","25.177","2.651","12.923","1.738","26.035","3.577","26.902","3.528","22.119","2.688","21.030","2.534","31.895","3.681","26.169","2.821","8.203","1.176","30.823","4.074","9.840","1.343","20.035","2.591","21.412","2.600","17.030","2.042","26.337","3.092","16.861","1.764","11.467","1.605","10.056","1.355","13.340","1.791","24.345","2.976","15.626","1.876","15.520","1.840","13.263","1.493","11.743","1.653","13.543","1.844","19.371","2.586","16.948","2.058","19.544","2.348","18.577","2.211","18.592","2.103","16.033","2.248","13.945","1.898","21.668","2.945","16.980","2.116","23.551","2.836","18.546","2.213","23.750","2.689"
"93","30","PHARMACEUTICAL PRODUCTS","HONG KONG","9.813","1.413","9.401","1.233","15.896","2.134","20.452","2.685","17.814","2.172","26.092","3.128","32.722","3.824","38.160","4.079","7.348","1.033","27.121","3.632","22.193","2.992","17.018","2.139","22.337","2.698","17.189","2.049","27.368","3.127","15.065","2.116","14.669","1.993","12.360","1.640","21.014","2.548","25.500","3.062","17.463","2.055","28.651","3.180","19.568","2.737","11.100","1.526","18.265","2.435","20.608","2.495","20.822","2.510","37.853","4.348","19.872","2.190","13.576","1.904","13.511","1.848","13.283","1.784","31.402","3.834","31.643","3.807","33.725","3.909","28.572","3.147","7.736","1.124","21.887","2.918","21.084","2.829","16.962","2.131","24.744","3.012","22.738","2.720","29.562","3.433","16.990","2.447","22.050","2.912","35.017","4.760","16.211","2.076","14.569","1.772","23.020","2.758","22.556","2.626","27.939","2.942","19.919","2.679","12.081","1.660","21.220","2.783","20.989","2.551","24.064","2.899","38.994","4.501","29.765","3.209","9.553","1.369","15.220","2.012","13.685","1.868","25.491","3.297","18.694","2.270","27.652","3.316","32.355","3.798","34.456","3.604","12.876","1.802","10.769","1.451","11.797","1.584","16.186","1.979","23.594","2.832","30.834","3.655","24.616","2.771","13.318","1.875","12.124","1.650","18.092","2.415","24.731","3.004","27.307","3.281","39.194","4.664","24.671","2.790","10.166","1.425","22.262","3.030","31.613","4.297","32.256","4.020","20.254","2.439","28.997","3.460","26.726","3.026"
"94","30","PHARMACEUTICAL PRODUCTS","TURKMENISTAN","9.481","1.366","2.723","0.357","10.322","1.386","20.809","2.732","25.694","3.133","21.991","2.637","19.063","2.228","24.240","2.591","8.213","1.154","29.417","3.940","9.416","1.269","14.069","1.768","14.387","1.738","21.520","2.565","24.824","2.836","14.170","1.990","19.366","2.631","13.636","1.809","19.196","2.328","17.089","2.052","18.426","2.168","33.988","3.773","13.531","1.893","23.887","3.283","13.032","1.738","35.718","4.324","22.026","2.655","23.763","2.730","21.404","2.359","20.191","2.831","10.694","1.463","16.216","2.178","28.084","3.429","16.658","2.004","20.554","2.383","34.021","3.747","7.983","1.160","12.009","1.601","9.751","1.308","19.929","2.504","14.034","1.708","15.057","1.801","28.616","3.323","16.021","2.307","7.551","0.997","8.627","1.173","13.623","1.745","9.912","1.205","10.796","1.293","16.953","1.973","8.629","0.909","6.027","0.811","9.967","1.369","26.801","3.515","31.710","3.853","18.714","2.255","42.569","4.913","14.208","1.532","12.745","1.827","12.940","1.710","5.919","0.808","13.311","1.722","18.380","2.232","12.137","1.455","25.385","2.980","19.141","2.002","12.959","1.814","16.703","2.250","16.972","2.278","15.710","1.920","16.892","2.028","19.179","2.273","21.709","2.444","8.832","1.243","25.829","3.516","5.649","0.754","20.874","2.535","12.022","1.444","28.059","3.339","18.044","2.041","12.841","1.800","18.735","2.550","15.662","2.129","15.147","1.888","10.588","1.275","28.052","3.347","12.533","1.419"
"95","30","PHARMACEUTICAL PRODUCTS","TRINIDAD","9.072","1.307","4.456","0.584","6.505","0.873","14.161","1.859","12.262","1.495","12.512","1.500","9.828","1.149","14.328","1.532","4.076","0.573","8.387","1.123","4.322","0.583","17.815","2.239","8.409","1.016","21.627","2.578","16.564","1.893","5.062","0.711","6.283","0.854","6.129","0.813","12.276","1.489","14.828","1.781","19.601","2.306","7.359","0.817","8.432","1.180","4.543","0.624","8.789","1.172","5.813","0.704","8.533","1.029","14.178","1.629","12.881","1.420","6.596","0.925","7.921","1.083","9.829","1.320","14.084","1.720","7.660","0.922","13.117","1.520","7.459","0.822","4.064","0.591","14.359","1.915","5.180","0.695","15.575","1.957","7.199","0.876","26.795","3.205","15.154","1.760","6.201","0.893","9.550","1.261","6.310","0.858","23.032","2.950","13.041","1.586","21.146","2.533","23.262","2.708","8.039","0.847","11.098","1.493","7.116","0.978","13.946","1.829","17.496","2.126","9.862","1.188","16.255","1.876","12.551","1.353","10.856","1.556","7.153","0.945","4.157","0.567","16.080","2.080","5.275","0.641","11.618","1.393","10.172","1.194","5.116","0.535","4.298","0.602","9.036","1.217","7.878","1.057","13.926","1.702","8.144","0.978","14.570","1.727","13.131","1.478","5.103","0.718","6.019","0.819","11.695","1.561","8.503","1.033","9.836","1.182","20.252","2.410","15.963","1.805","4.265","0.598","11.307","1.539","11.790","1.603","9.227","1.150","6.787","0.817","24.045","2.869","9.365","1.060"
"96","30","PHARMACEUTICAL PRODUCTS","HAITI","8.609","1.240","20.189","2.648","13.394","1.799","10.153","1.333","23.489","2.864","0.376","0.045","10.312","1.205","27.677","2.959","7.077","0.995","11.381","1.524","11.362","1.532","22.735","2.858","6.569","0.793","14.362","1.712","23.616","2.698","6.466","0.908","12.691","1.725","3.588","0.476","5.256","0.637","7.708","0.926","4.858","0.572","12.599","1.399","5.353","0.749","13.195","1.814","10.323","1.376","14.911","1.805","7.349","0.886","10.880","1.250","14.059","1.550","9.252","1.297","29.154","3.988","9.858","1.324","13.594","1.660","10.832","1.303","8.481","0.983","28.801","3.172","4.874","0.708","11.102","1.480","5.669","0.761","9.963","1.252","13.632","1.659","14.384","1.721","17.185","1.996","6.060","0.873","10.013","1.322","31.806","4.324","19.846","2.542","14.365","1.747","10.546","1.263","8.952","1.042","15.813","1.665","6.084","0.818","27.411","3.766","19.747","2.590","20.622","2.506","10.423","1.256","12.616","1.456","17.326","1.868","6.286","0.901","34.806","4.600","12.773","1.743","9.990","1.292","21.418","2.601","7.220","0.866","18.032","2.117","16.014","1.675","8.999","1.259","12.967","1.747","7.293","0.979","12.564","1.536","43.494","5.222","4.347","0.515","24.527","2.761","17.062","2.402","15.389","2.095","8.589","1.147","4.170","0.506","37.024","4.448","20.333","2.420","8.230","0.931","11.306","1.585","7.301","0.994","8.116","1.103","14.434","1.799","10.948","1.318","13.226","1.578","11.706","1.325"
"97","30","PHARMACEUTICAL PRODUCTS","KOREA RP","8.489","1.223","17.803","2.335","12.790","1.717","6.070","0.797","16.091","1.962","16.879","2.024","21.415","2.503","17.788","1.901","10.082","1.417","14.650","1.962","13.129","1.770","19.227","2.417","25.604","3.093","13.913","1.658","11.123","1.271","10.373","1.457","11.252","1.529","13.182","1.749","24.280","2.944","32.138","3.859","15.309","1.801","36.706","4.074","9.510","1.330","9.489","1.304","13.330","1.777","15.445","1.870","19.185","2.312","35.269","4.051","21.856","2.409","11.240","1.576","9.395","1.285","17.978","2.415","16.260","1.985","16.863","2.029","25.988","3.013","19.908","2.193","4.509","0.655","12.736","1.698","4.971","0.667","22.661","2.847","12.290","1.496","25.774","3.083","24.673","2.865","7.975","1.149","16.858","2.226","7.256","0.986","16.854","2.159","16.939","2.060","18.294","2.192","26.064","3.034","32.036","3.373","3.180","0.428","26.724","3.671","20.780","2.725","25.354","3.081","48.105","5.796","28.471","3.286","44.856","4.836","10.526","1.509","9.202","1.216","7.129","0.973","6.820","0.882","18.537","2.251","16.843","2.020","13.627","1.600","28.931","3.026","6.724","0.941","9.355","1.260","15.374","2.064","22.408","2.739","16.328","1.960","38.185","4.526","14.027","1.579","6.707","0.944","11.383","1.550","10.806","1.442","13.834","1.680","14.987","1.801","20.974","2.496","16.932","1.915","6.970","0.977","16.071","2.187","11.887","1.616","16.465","2.052","12.545","1.511","25.844","3.084","36.273","4.107"
"98","30","PHARMACEUTICAL PRODUCTS","JORDAN","8.412","1.212","4.767","0.625","10.675","1.433","15.844","2.080","33.629","4.100","17.085","2.048","18.760","2.193","69.893","7.471","6.795","0.955","12.104","1.621","9.052","1.220","10.304","1.295","43.636","5.271","7.447","0.888","24.320","2.779","8.066","1.133","6.804","0.924","11.470","1.522","40.365","4.895","29.285","3.517","17.870","2.103","18.283","2.029","8.844","1.237","9.657","1.327","17.165","2.289","22.803","2.760","38.177","4.602","14.730","1.692","17.416","1.919","8.477","1.189","10.252","1.402","16.157","2.170","20.466","2.499","41.775","5.026","18.198","2.110","20.458","2.253","5.606","0.815","12.586","1.678","7.585","1.018","18.829","2.365","39.248","4.777","17.818","2.131","13.058","1.516","12.187","1.755","4.693","0.620","5.737","0.780","12.069","1.546","25.889","3.148","19.481","2.334","14.709","1.712","48.281","5.084","7.656","1.030","25.182","3.459","26.215","3.438","38.489","4.677","25.153","3.031","22.492","2.596","17.087","1.842","8.219","1.178","8.955","1.184","5.353","0.731","7.603","0.983","22.643","2.750","6.775","0.812","25.225","2.961","72.052","7.537","4.717","0.660","6.277","0.846","13.902","1.866","18.190","2.223","27.386","3.288","6.811","0.807","23.425","2.637","7.329","1.032","10.676","1.453","24.005","3.204","5.464","0.664","53.217","6.394","14.041","1.671","19.443","2.199","5.908","0.828","6.540","0.890","10.719","1.457","17.317","2.158","28.711","3.457","5.447","0.650","23.087","2.614"
"99","30","PHARMACEUTICAL PRODUCTS","PANAMA REPUBLIC","8.090","1.165","6.978","0.915","15.291","2.053","11.994","1.575","12.119","1.478","11.684","1.401","10.859","1.269","21.285","2.275","8.092","1.137","12.694","1.700","5.612","0.756","15.812","1.988","15.278","1.845","21.688","2.585","15.134","1.729","9.569","1.344","10.497","1.426","7.308","0.970","17.267","2.094","14.557","1.748","20.075","2.362","25.986","2.884","3.261","0.456","10.372","1.426","6.036","0.805","22.180","2.685","11.901","1.434","19.506","2.241","13.187","1.453","3.601","0.505","13.848","1.894","10.324","1.387","18.762","2.291","7.634","0.918","14.876","1.724","26.649","2.935","6.175","0.897","7.647","1.020","18.487","2.481","20.117","2.527","14.511","1.766","13.189","1.578","16.680","1.937","6.202","0.893","13.547","1.789","11.992","1.630","13.310","1.705","14.510","1.764","12.821","1.536","21.323","2.482","26.603","2.801","3.389","0.456","13.886","1.908","10.159","1.332","8.999","1.094","17.821","2.147","38.480","4.441","33.556","3.618","6.320","0.906","8.703","1.150","8.655","1.181","10.896","1.409","11.589","1.407","19.197","2.302","15.995","1.878","27.564","2.883","9.135","1.279","12.732","1.715","9.213","1.237","9.940","1.215","8.017","0.962","18.805","2.229","15.182","1.709","9.634","1.356","10.777","1.467","18.341","2.448","14.619","1.775","13.828","1.661","10.216","1.216","16.127","1.824","3.147","0.441","22.329","3.039","15.181","2.064","18.127","2.259","12.546","1.511","16.912","2.018","15.049","1.704"
"100","30","PHARMACEUTICAL PRODUCTS","RWANDA","7.847","1.130","13.877","1.820","9.149","1.229","9.915","1.302","15.958","1.946","30.170","3.617","14.161","1.655","32.724","3.498","10.667","1.499","26.503","3.549","47.764","6.438","22.970","2.887","39.270","4.744","9.905","1.181","6.587","0.753","11.838","1.663","17.139","2.329","15.918","2.112","13.257","1.608","26.711","3.207","14.465","1.702","18.502","2.054","14.446","2.021","29.408","4.042","11.710","1.561","26.753","3.239","23.202","2.797","5.743","0.660","14.173","1.562","6.253","0.877","5.985","0.819","12.835","1.724","24.043","2.936","18.692","2.249","18.882","2.189","16.135","1.777","12.529","1.821","18.298","2.440","12.598","1.690","34.814","4.374","30.694","3.736","10.530","1.260","16.438","1.909","37.263","5.366","32.509","4.293","13.675","1.859","51.348","6.577","25.767","3.133","28.371","3.399","8.803","1.025","11.111","1.170","8.906","1.198","20.347","2.795","33.346","4.374","21.589","2.624","27.462","3.309","43.222","4.989","32.728","3.528","25.191","3.610","19.738","2.609","10.159","1.386","17.697","2.289","28.332","3.441","13.995","1.678","13.650","1.602","25.067","2.622","20.112","2.815","15.144","2.040","9.712","1.304","8.239","1.007","25.014","3.003","8.427","0.999","9.974","1.123","20.220","2.846","17.768","2.419","50.499","6.741","20.435","2.482","7.529","0.904","29.083","3.461","26.426","2.989","9.345","1.310","9.013","1.227","19.708","2.679","11.978","1.493","26.951","3.245","8.477","1.011","8.140","0.922"
"101","30","PHARMACEUTICAL PRODUCTS","NICARAGUA","7.484","1.078","3.405","0.447","17.062","2.291","25.131","3.299","26.753","3.262","13.138","1.575","13.940","1.629","38.224","4.086","15.605","2.193","13.938","1.867","9.715","1.310","14.995","1.885","20.715","2.502","16.560","1.974","10.575","1.208","8.436","1.185","12.135","1.649","16.778","2.226","7.070","0.857","18.925","2.273","25.333","2.981","22.707","2.520","6.579","0.920","22.610","3.108","15.367","2.049","19.681","2.383","18.003","2.170","27.033","3.105","25.152","2.772","3.255","0.456","19.678","2.692","7.261","0.975","8.433","1.030","21.921","2.637","19.391","2.248","17.482","1.925","15.337","2.229","11.378","1.517","13.247","1.778","22.536","2.831","7.063","0.860","15.936","1.906","8.100","0.941","19.064","2.745","16.098","2.126","15.929","2.165","21.426","2.744","12.302","1.496","18.376","2.202","5.819","0.677","20.401","2.148","6.079","0.818","24.185","3.322","22.882","3.001","25.640","3.116","33.996","4.096","15.508","1.790","26.932","2.903","15.139","2.170","13.165","1.740","13.150","1.795","23.884","3.089","27.473","3.336","22.750","2.728","22.211","2.607","15.741","1.647","11.040","1.545","8.930","1.203","5.809","0.780","8.156","0.997","15.959","1.916","35.540","4.213","27.144","3.056","7.947","1.119","5.704","0.776","8.054","1.075","10.493","1.274","16.969","2.039","23.434","2.789","16.548","1.872","10.340","1.450","17.245","2.347","16.208","2.203","13.965","1.741","18.181","2.189","12.889","1.538","17.591","1.992"
"102","30","PHARMACEUTICAL PRODUCTS","EL SALVADOR","7.305","1.052","2.329","0.305","20.555","2.760","11.541","1.515","13.195","1.609","16.022","1.921","25.312","2.958","46.434","4.964","7.492","1.053","12.631","1.692","24.268","3.271","24.093","3.028","26.408","3.190","27.952","3.332","20.833","2.380","8.176","1.148","17.224","2.340","15.592","2.069","23.887","2.897","19.600","2.354","18.904","2.224","20.952","2.326","7.251","1.014","9.292","1.277","26.876","3.583","14.487","1.754","23.281","2.806","13.173","1.513","48.275","5.321","12.624","1.770","13.224","1.809","19.148","2.572","20.602","2.516","21.181","2.548","19.128","2.217","26.404","2.908","19.063","2.770","16.187","2.158","26.757","3.590","25.768","3.237","27.033","3.291","44.301","5.299","19.280","2.239","6.307","0.908","19.190","2.534","17.674","2.403","18.355","2.351","20.962","2.549","17.279","2.070","22.151","2.579","40.655","4.281","6.818","0.917","14.401","1.978","15.184","1.991","24.681","2.999","29.370","3.539","24.667","2.847","65.681","7.081","3.954","0.567","9.390","1.241","28.630","3.908","11.715","1.515","15.028","1.825","27.587","3.308","25.141","2.951","40.804","4.268","9.997","1.399","12.255","1.651","13.014","1.747","15.578","1.904","11.423","1.371","11.969","1.419","35.709","4.020","10.850","1.527","12.495","1.701","9.934","1.326","17.047","2.070","15.635","1.878","16.162","1.923","38.794","4.388","8.652","1.213","15.893","2.163","11.616","1.579","8.166","1.018","14.978","1.804","21.144","2.523","45.074","5.103"
"103","30","PHARMACEUTICAL PRODUCTS","MALI","6.777","0.976","19.687","2.582","18.858","2.532","11.604","1.523","4.622","0.564","21.091","2.529","23.225","2.714","39.074","4.177","24.739","3.477","14.860","1.990","44.705","6.026","23.819","2.994","21.204","2.561","22.246","2.652","14.610","1.669","31.524","4.428","29.384","3.993","16.184","2.147","18.901","2.292","10.164","1.221","21.445","2.523","21.641","2.402","14.951","2.091","26.160","3.596","32.052","4.273","31.994","3.873","18.694","2.253","22.891","2.629","15.445","1.702","11.633","1.631","18.867","2.581","33.275","4.470","16.355","1.997","20.197","2.430","15.534","1.801","19.162","2.110","25.839","3.755","15.605","2.081","21.010","2.819","26.817","3.369","11.058","1.346","21.675","2.593","16.528","1.919","30.078","4.332","8.118","1.072","18.727","2.546","21.508","2.755","12.491","1.519","8.713","1.044","20.170","2.348","26.224","2.761","13.513","1.817","26.627","3.658","23.234","3.047","15.121","1.838","16.927","2.039","73.936","8.534","80.376","8.665","11.936","1.711","20.571","2.719","30.857","4.212","32.266","4.173","15.648","1.900","10.839","1.300","21.512","2.525","18.086","1.892","20.449","2.862","22.419","3.021","25.569","3.432","19.585","2.394","59.952","7.197","19.993","2.370","35.502","3.997","27.961","3.936","25.508","3.472","18.942","2.528","10.886","1.322","34.706","4.170","23.390","2.784","11.524","1.303","17.195","2.410","17.015","2.316","19.192","2.609","28.282","3.525","11.602","1.397","17.433","2.080","19.811","2.243"
"104","30","PHARMACEUTICAL PRODUCTS","VENEZUELA","6.496","0.936","13.236","1.736","137.388","18.448","94.015","12.343","117.163","14.285","94.383","11.316","62.466","7.301","70.235","7.508","11.010","1.548","85.966","11.513","43.457","5.858","57.958","7.285","48.775","5.892","116.464","13.882","65.068","7.435","19.594","2.752","19.284","2.620","77.724","10.312","84.676","10.268","53.854","6.467","64.459","7.585","54.862","6.090","14.237","1.992","16.105","2.214","53.642","7.152","64.515","7.810","114.524","13.804","84.141","9.665","46.539","5.129","38.808","5.442","19.138","2.618","71.516","9.607","66.093","8.070","51.289","6.170","63.242","7.331","30.293","3.336","8.365","1.216","72.651","9.688","65.467","8.784","60.548","7.606","54.176","6.595","58.933","7.050","90.013","10.453","51.003","7.345","24.658","3.256","60.582","8.236","79.003","10.119","86.660","10.538","58.341","6.989","92.910","10.816","55.271","5.820","21.121","2.841","18.052","2.480","84.463","11.078","65.129","7.915","84.212","10.146","77.210","8.912","46.631","5.027","12.011","1.721","30.607","4.045","42.768","5.837","92.247","11.931","43.876","5.328","67.311","8.072","45.941","5.393","71.880","7.519","17.573","2.459","33.698","4.540","35.205","4.726","43.075","5.265","46.082","5.532","79.443","9.417","107.249","12.074","61.470","8.653","25.351","3.451","45.325","6.050","65.482","7.953","64.645","7.767","89.004","10.592","62.413","7.059","13.497","1.892","26.124","3.555","45.234","6.149","76.983","9.595","50.633","6.097","64.785","7.730","55.772","6.315"
"105","30","PHARMACEUTICAL PRODUCTS","BURUNDI","6.263","0.902","5.184","0.680","7.017","0.942","5.242","0.688","8.298","1.012","10.830","1.298","16.720","1.954","12.926","1.382","8.198","1.152","16.476","2.206","4.933","0.665","4.464","0.561","4.682","0.566","4.788","0.571","5.541","0.633","24.142","3.391","22.455","3.051","15.819","2.099","15.014","1.821","8.066","0.969","4.956","0.583","6.094","0.676","15.145","2.119","5.518","0.758","24.820","3.309","3.987","0.483","6.885","0.830","6.847","0.786","8.351","0.920","6.007","0.842","16.142","2.208","5.666","0.761","5.305","0.648","9.903","1.191","4.594","0.533","13.523","1.489","10.409","1.513","15.257","2.034","5.704","0.765","11.289","1.418","6.525","0.794","7.328","0.877","5.061","0.588","9.024","1.300","13.942","1.841","11.673","1.587","7.167","0.918","5.911","0.719","10.963","1.313","15.264","1.777","26.731","2.815","4.766","0.641","15.027","2.064","13.498","1.770","12.865","1.563","4.444","0.535","10.307","1.190","10.628","1.146","10.386","1.489","6.149","0.813","9.828","1.341","9.019","1.167","3.796","0.461","14.740","1.767","4.385","0.515","6.538","0.684","14.171","1.983","18.694","2.519","14.888","1.998","11.063","1.352","6.119","0.735","7.076","0.839","9.279","1.045","18.566","2.614","23.546","3.205","5.106","0.682","3.983","0.484","18.161","2.182","15.414","1.834","5.336","0.604","5.211","0.730","20.813","2.832","12.252","1.665","12.737","1.588","9.159","1.103","7.232","0.863","19.600","2.219"
"106","30","PHARMACEUTICAL PRODUCTS","TAIWAN","6.124","0.882","2.887","0.379","6.206","0.833","6.904","0.906","10.161","1.239","15.319","1.837","17.741","2.073","32.359","3.459","8.539","1.200","8.419","1.127","8.491","1.145","6.122","0.770","11.186","1.351","9.959","1.187","12.835","1.467","6.548","0.920","8.186","1.112","8.034","1.066","14.914","1.809","18.321","2.200","39.399","4.636","15.810","1.755","6.377","0.892","7.402","1.017","7.802","1.040","12.881","1.559","11.846","1.428","11.801","1.356","18.105","1.995","5.533","0.776","6.350","0.869","9.051","1.216","8.023","0.980","14.407","1.733","12.445","1.443","22.064","2.430","1.914","0.278","5.505","0.734","7.163","0.961","12.171","1.529","14.951","1.820","20.205","2.417","29.571","3.434","3.142","0.452","4.363","0.576","7.693","1.046","15.352","1.966","14.934","1.816","18.399","2.204","12.942","1.507","51.916","5.467","6.891","0.927","5.047","0.693","8.419","1.104","30.742","3.736","14.757","1.778","32.393","3.739","29.532","3.184","4.567","0.654","5.727","0.757","6.226","0.850","8.497","1.099","10.177","1.236","11.408","1.368","19.904","2.336","20.869","2.183","5.524","0.773","5.505","0.742","9.093","1.221","20.593","2.517","10.858","1.304","11.270","1.336","24.762","2.788","3.183","0.448","7.678","1.045","7.959","1.062","10.430","1.267","9.475","1.138","9.693","1.154","23.083","2.611","7.578","1.062","6.522","0.888","8.037","1.093","7.006","0.873","10.604","1.277","40.942","4.885","39.144","4.432"
"107","30","PHARMACEUTICAL PRODUCTS","AUSTRIA","6.042","0.870","4.257","0.558","7.208","0.968","9.143","1.200","5.610","0.684","2.834","0.340","6.599","0.771","6.646","0.710","5.905","0.830","12.025","1.610","13.651","1.840","1.985","0.250","3.798","0.459","6.044","0.720","5.970","0.682","6.111","0.858","1.663","0.226","19.164","2.543","3.260","0.395","5.351","0.643","3.783","0.445","12.094","1.342","2.452","0.343","9.971","1.371","12.974","1.730","8.101","0.981","2.114","0.255","4.924","0.566","6.642","0.732","4.080","0.572","8.894","1.216","10.956","1.472","2.439","0.298","7.899","0.950","4.328","0.502","14.834","1.634","5.899","0.857","4.533","0.604","8.063","1.082","2.721","0.342","5.606","0.682","9.845","1.178","5.080","0.590","4.298","0.619","12.139","1.603","9.387","1.276","6.595","0.845","3.384","0.411","6.207","0.744","7.025","0.818","5.757","0.606","4.878","0.656","8.556","1.175","18.490","2.425","4.891","0.594","7.487","0.902","12.092","1.396","6.225","0.671","6.400","0.917","3.976","0.526","10.832","1.478","2.583","0.334","4.084","0.496","8.749","1.049","9.788","1.149","4.995","0.523","2.901","0.406","12.823","1.728","13.122","1.761","5.422","0.663","4.694","0.564","8.839","1.048","8.755","0.986","6.897","0.971","4.867","0.662","9.833","1.313","5.895","0.716","7.806","0.938","7.284","0.867","5.214","0.590","4.749","0.666","7.057","0.960","45.455","6.179","6.332","0.789","6.785","0.817","2.275","0.271","6.748","0.764"
"108","30","PHARMACEUTICAL PRODUCTS","LAO PD RP","5.983","0.862","2.513","0.330","1.661","0.223","0.754","0.099","3.582","0.437","4.989","0.598","6.781","0.793","8.404","0.898","1.183","0.166","1.046","0.140","1.734","0.234","3.276","0.412","3.566","0.431","3.598","0.429","14.198","1.622","3.194","0.449","2.498","0.339","4.069","0.540","12.195","1.479","3.056","0.367","5.256","0.618","9.715","1.078","3.076","0.430","2.263","0.311","7.637","1.018","2.354","0.285","6.794","0.819","5.097","0.585","6.287","0.693","1.672","0.234","0.375","0.051","1.275","0.171","4.698","0.574","2.652","0.319","7.500","0.869","6.786","0.747","2.600","0.378","2.979","0.397","1.194","0.160","0.708","0.089","5.180","0.631","5.179","0.619","9.981","1.159","4.598","0.662","10.064","1.329","1.506","0.205","3.035","0.389","6.155","0.749","6.509","0.780","12.473","1.452","6.115","0.644","1.835","0.247","3.016","0.414","0.892","0.117","3.798","0.462","3.449","0.416","6.453","0.745","7.522","0.811","2.355","0.338","1.828","0.242","2.925","0.399","6.278","0.812","2.143","0.260","4.710","0.565","6.259","0.735","8.613","0.901","0.973","0.136","7.068","0.952","2.071","0.278","1.654","0.202","4.925","0.591","3.007","0.356","5.892","0.663","2.535","0.357","2.144","0.292","0.441","0.059","1.822","0.221","2.981","0.358","3.203","0.381","3.665","0.415","0.765","0.107","6.802","0.926","1.480","0.201","4.426","0.552","8.169","0.984","5.584","0.666","12.832","1.453"
"109","30","PHARMACEUTICAL PRODUCTS","INDONESIA","5.833","0.840","30.361","3.982","26.359","3.539","94.125","12.358","27.025","3.295","27.812","3.335","46.814","5.471","136.456","14.586","7.750","1.089","23.933","3.205","94.619","12.755","11.658","1.465","77.498","9.361","119.682","14.266","89.101","10.181","4.120","0.579","72.547","9.858","71.880","9.537","44.914","5.446","93.290","11.202","43.093","5.071","156.746","17.399","46.754","6.540","28.099","3.862","30.533","4.071","23.364","2.828","43.713","5.269","25.568","2.937","137.032","15.103","18.549","2.601","71.536","9.785","12.690","1.705","58.817","7.182","49.362","5.939","42.947","4.978","114.967","12.662","15.736","2.287","19.438","2.592","155.785","20.903","33.257","4.178","19.554","2.380","42.008","5.025","73.529","8.539","69.852","10.059","19.716","2.604","128.235","17.433","26.197","3.355","164.047","19.949","83.095","9.955","54.587","6.355","121.432","12.786","44.864","6.034","53.254","7.316","135.343","17.751","71.157","8.647","38.970","4.695","108.670","12.543","190.113","20.495","12.533","1.796","17.125","2.263","16.691","2.278","179.263","23.185","21.980","2.669","75.284","9.028","41.962","4.926","144.322","15.097","11.205","1.568","59.927","8.074","73.833","9.911","44.706","5.465","76.116","9.138","56.269","6.670","118.392","13.329","11.676","1.644","99.264","13.513","43.254","5.774","32.588","3.958","38.754","4.656","70.334","8.370","96.973","10.968","7.979","1.119","55.620","7.569","114.185","15.522","24.024","2.994","26.589","3.202","31.647","3.776","104.582","11.841"
"110","30","PHARMACEUTICAL PRODUCTS","LIBYA","5.740","0.827","0.259","0.034","7.083","0.951","12.971","1.703","9.237","1.126","7.379","0.885","5.838","0.682","5.307","0.567","6.260","0.880","4.380","0.587","16.226","2.187","1.836","0.231","5.984","0.723","4.312","0.514","11.284","1.289","4.673","0.656","14.234","1.934","16.496","2.189","19.107","2.317","41.947","5.037","3.227","0.380","6.308","0.700","4.272","0.598","10.121","1.391","10.417","1.389","8.458","1.024","31.102","3.749","9.981","1.146","4.640","0.511","2.021","0.283","12.470","1.706","4.561","0.613","8.773","1.071","16.223","1.952","2.267","0.263","19.789","2.179","1.495","0.217","6.081","0.811","4.556","0.611","3.639","0.457","11.617","1.414","9.717","1.162","11.047","1.283","4.024","0.580","3.526","0.466","8.471","1.152","2.651","0.340","3.491","0.425","6.389","0.765","19.463","2.266","7.189","0.757","0.935","0.126","6.502","0.893","14.805","1.942","35.122","4.268","14.361","1.730","18.456","2.130","14.668","1.581","1.480","0.212","1.975","0.261","5.931","0.810","8.231","1.064","5.691","0.691","7.232","0.867","0.527","0.062","11.366","1.189","4.313","0.604","25.509","3.437","6.111","0.820","9.329","1.140","14.601","1.753","4.363","0.517","2.709","0.305","9.543","1.343","9.653","1.314","9.737","1.300","4.066","0.494","6.003","0.721","6.607","0.786","5.367","0.607","6.737","0.944","10.285","1.400","15.644","2.127","7.812","0.974","12.710","1.530","7.956","0.949","4.843","0.548"
"111","30","PHARMACEUTICAL PRODUCTS","COSTA RICA","5.516","0.794","4.447","0.583","6.668","0.895","6.850","0.899","11.800","1.439","18.245","2.188","12.165","1.422","17.993","1.923","7.355","1.034","13.710","1.836","13.181","1.777","8.069","1.014","11.343","1.370","18.422","2.196","14.648","1.674","13.150","1.847","13.326","1.811","11.881","1.576","14.118","1.712","24.858","2.985","20.572","2.421","24.390","2.707","11.217","1.569","10.838","1.490","10.505","1.401","12.099","1.465","19.081","2.300","17.619","2.024","17.527","1.932","6.683","0.937","7.650","1.046","7.050","0.947","18.107","2.211","10.053","1.209","21.681","2.513","23.453","2.583","8.646","1.257","8.531","1.138","6.056","0.813","12.611","1.584","9.764","1.188","21.631","2.588","16.282","1.891","7.362","1.060","9.589","1.266","11.430","1.554","11.877","1.521","11.108","1.351","17.204","2.061","17.663","2.056","32.635","3.436","5.615","0.755","9.264","1.273","7.699","1.010","15.304","1.860","28.295","3.409","26.714","3.083","43.779","4.720","10.615","1.521","9.071","1.199","8.054","1.099","10.743","1.389","9.652","1.172","20.512","2.460","18.803","2.207","21.232","2.221","9.520","1.332","9.147","1.232","10.849","1.456","8.782","1.073","9.235","1.109","16.520","1.958","17.169","1.933","10.966","1.544","8.920","1.214","9.677","1.292","16.787","2.039","17.921","2.153","24.455","2.910","14.097","1.594","12.082","1.694","15.483","2.107","11.765","1.599","8.118","1.012","9.623","1.159","18.430","2.199","29.396","3.328"
"112","30","PHARMACEUTICAL PRODUCTS","TUNISIA","5.282","0.761","11.923","1.564","2.681","0.360","7.149","0.939","7.756","0.946","5.991","0.718","6.830","0.798","3.212","0.343","0.500","0.070","4.180","0.560","2.359","0.318","5.905","0.742","1.374","0.166","5.043","0.601","6.043","0.690","7.480","1.051","2.388","0.325","2.874","0.381","5.391","0.654","6.501","0.781","31.084","3.658","16.934","1.880","3.964","0.554","6.436","0.885","5.235","0.698","16.317","1.975","2.082","0.251","19.468","2.236","12.738","1.404","6.490","0.910","4.089","0.559","4.869","0.654","3.667","0.448","12.410","1.493","9.395","1.089","1.867","0.206","3.232","0.470","4.369","0.583","6.393","0.858","7.296","0.917","13.395","1.631","2.646","0.317","16.383","1.902","3.827","0.551","7.470","0.987","7.823","1.063","22.296","2.856","9.775","1.189","26.572","3.183","16.311","1.899","28.198","2.969","0.492","0.066","7.965","1.094","14.659","1.923","22.219","2.700","36.202","4.362","14.454","1.668","13.062","1.408","7.639","1.095","1.219","0.161","2.009","0.274","6.183","0.800","0.831","0.101","4.466","0.536","12.788","1.501","5.945","0.622","2.026","0.284","4.973","0.670","1.370","0.184","12.920","1.579","7.459","0.895","27.578","3.269","8.772","0.988","5.022","0.707","3.969","0.540","3.343","0.446","1.147","0.139","3.608","0.433","4.432","0.527","6.939","0.785","6.900","0.967","11.963","1.628","6.017","0.818","11.751","1.465","8.133","0.979","24.944","2.976","13.651","1.546"
"113","30","PHARMACEUTICAL PRODUCTS","ISRAEL","5.247","0.756","47.613","6.245","6.453","0.867","11.917","1.565","7.706","0.939","7.535","0.903","13.161","1.538","16.882","1.805","7.805","1.097","24.853","3.328","7.649","1.031","11.222","1.411","15.749","1.902","4.909","0.585","24.973","2.853","4.414","0.620","3.717","0.505","5.801","0.770","19.656","2.384","12.164","1.461","11.440","1.346","23.717","2.633","9.396","1.314","9.537","1.311","18.787","2.505","15.831","1.916","7.496","0.904","4.213","0.484","11.426","1.259","4.779","0.670","7.132","0.975","12.598","1.692","29.082","3.551","19.728","2.373","18.827","2.182","16.652","1.834","9.445","1.373","21.208","2.828","5.268","0.707","12.802","1.608","18.351","2.234","5.118","0.612","20.696","2.403","6.419","0.924","80.891","10.682","3.873","0.526","16.775","2.149","7.749","0.942","16.557","1.984","3.235","0.377","7.724","0.813","11.518","1.549","4.398","0.604","13.763","1.805","13.244","1.609","11.358","1.368","8.528","0.984","12.205","1.316","2.061","0.295","45.625","6.030","3.227","0.440","13.075","1.691","6.208","0.754","8.694","1.043","7.618","0.894","13.948","1.459","8.353","1.169","7.446","1.003","17.291","2.321","22.109","2.702","3.728","0.448","7.887","0.935","16.428","1.849","2.786","0.392","8.174","1.113","12.149","1.622","6.555","0.796","6.514","0.783","11.318","1.347","14.339","1.622","12.337","1.729","28.319","3.854","13.122","1.784","5.956","0.742","10.567","1.272","17.257","2.059","12.331","1.396"
"114","30","PHARMACEUTICAL PRODUCTS","MONGOLIA","5.177","0.746","0.563","0.074","3.134","0.421","5.328","0.700","5.122","0.625","7.719","0.926","4.281","0.500","4.945","0.529","4.119","0.579","6.048","0.810","5.243","0.707","10.384","1.305","7.920","0.957","6.471","0.771","4.995","0.571","3.979","0.559","5.389","0.732","6.746","0.895","5.521","0.669","3.639","0.437","5.859","0.689","5.700","0.633","2.456","0.344","7.267","0.999","4.322","0.576","6.792","0.822","4.615","0.556","6.003","0.690","3.444","0.380","2.270","0.318","3.354","0.459","6.572","0.883","3.116","0.380","2.801","0.337","1.303","0.151","4.852","0.534","4.512","0.656","2.695","0.359","14.475","1.942","6.990","0.878","5.146","0.626","10.511","1.257","7.336","0.852","2.784","0.401","9.238","1.220","5.146","0.700","8.825","1.130","11.295","1.374","6.553","0.785","8.570","0.998","4.310","0.454","2.205","0.297","4.211","0.578","4.401","0.577","2.529","0.307","5.170","0.623","6.906","0.797","2.499","0.269","3.065","0.439","3.087","0.408","2.912","0.397","4.871","0.630","6.907","0.839","4.850","0.582","10.063","1.181","12.009","1.256","2.151","0.301","1.658","0.223","26.765","3.593","4.007","0.490","2.525","0.303","4.283","0.508","6.313","0.711","4.198","0.591","11.535","1.570","17.685","2.361","1.704","0.207","3.721","0.447","4.749","0.565","2.622","0.297","2.439","0.342","4.974","0.677","8.965","1.219","3.283","0.409","3.920","0.472","6.649","0.793","4.211","0.477"
"115","30","PHARMACEUTICAL PRODUCTS","BULGARIA","5.006","0.721","10.146","1.331","10.110","1.358","5.301","0.696","4.422","0.539","5.670","0.680","4.464","0.522","6.279","0.671","15.505","2.179","5.859","0.785","6.192","0.835","7.594","0.955","5.697","0.688","6.077","0.724","6.636","0.758","8.740","1.228","11.408","1.550","3.798","0.504","4.013","0.487","6.376","0.766","5.389","0.634","5.247","0.582","7.044","0.985","6.579","0.904","10.031","1.337","5.550","0.672","5.632","0.679","4.430","0.509","7.674","0.846","19.139","2.684","11.078","1.515","7.094","0.953","2.825","0.345","1.950","0.235","3.742","0.434","6.083","0.670","9.547","1.387","7.826","1.044","5.723","0.768","7.774","0.977","8.711","1.060","3.959","0.474","2.690","0.312","8.333","1.200","12.440","1.643","6.290","0.855","3.025","0.387","6.465","0.786","8.097","0.970","10.500","1.222","5.098","0.537","2.503","0.337","8.231","1.131","4.533","0.595","5.982","0.727","6.500","0.783","9.514","1.098","5.625","0.606","16.801","2.408","11.369","1.503","4.323","0.590","6.659","0.861","8.096","0.983","6.659","0.799","2.006","0.235","22.679","2.372","7.311","1.023","13.630","1.836","10.158","1.364","3.486","0.426","8.967","1.077","4.073","0.483","6.474","0.729","6.473","0.911","12.167","1.656","11.214","1.497","2.823","0.343","4.089","0.491","4.963","0.591","2.860","0.323","9.689","1.358","9.024","1.228","11.623","1.580","7.053","0.879","7.567","0.911","6.883","0.821","6.165","0.698"
"116","30","PHARMACEUTICAL PRODUCTS","GUYANA","4.435","0.639","0.714","0.094","16.908","2.270","6.938","0.911","11.384","1.388","9.653","1.157","9.686","1.132","14.170","1.515","4.607","0.648","3.771","0.505","16.531","2.228","10.238","1.287","6.302","0.761","5.121","0.610","8.360","0.955","2.288","0.321","2.378","0.323","7.888","1.046","12.044","1.461","7.578","0.910","7.172","0.844","20.022","2.222","3.339","0.467","13.771","1.893","10.600","1.413","12.304","1.489","11.721","1.413","10.279","1.181","16.384","1.806","2.537","0.356","7.429","1.016","7.753","1.041","5.428","0.663","8.743","1.052","17.435","2.021","10.181","1.121","5.295","0.769","4.945","0.659","6.926","0.929","6.332","0.795","4.540","0.553","4.054","0.485","5.937","0.689","3.367","0.485","3.495","0.461","13.705","1.863","7.107","0.910","9.993","1.215","11.346","1.359","11.358","1.322","3.956","0.417","1.538","0.207","6.290","0.864","13.385","1.756","13.202","1.604","16.309","1.965","15.032","1.735","17.360","1.871","3.401","0.487","3.558","0.470","5.742","0.784","4.962","0.642","8.434","1.024","17.284","2.073","11.597","1.361","9.031","0.945","3.491","0.489","3.231","0.435","8.702","1.168","15.905","1.944","2.580","0.310","10.359","1.228","20.464","2.304","1.932","0.272","4.965","0.676","12.082","1.613","10.357","1.258","4.945","0.594","6.775","0.806","19.832","2.243","2.666","0.374","5.687","0.774","16.931","2.302","6.628","0.826","8.020","0.966","7.390","0.882","16.431","1.860"
"117","30","PHARMACEUTICAL PRODUCTS","LEBANON","4.433","0.639","5.631","0.739","27.685","3.717","6.071","0.797","17.208","2.098","25.597","3.069","14.496","1.694","18.602","1.988","14.278","2.007","11.710","1.568","4.256","0.574","7.884","0.991","10.940","1.321","9.565","1.140","22.531","2.574","5.330","0.749","23.711","3.222","20.380","2.704","18.056","2.190","18.582","2.231","6.028","0.709","18.742","2.080","2.742","0.384","13.824","1.900","8.045","1.073","19.318","2.338","19.690","2.373","11.661","1.340","19.999","2.204","8.343","1.170","13.457","1.841","6.689","0.899","12.454","1.521","16.658","2.004","29.893","3.465","20.747","2.285","9.384","1.364","20.005","2.668","7.673","1.030","11.660","1.465","19.145","2.330","11.967","1.432","14.865","1.726","16.124","2.322","5.319","0.702","5.180","0.704","12.698","1.626","21.766","2.647","13.610","1.630","11.561","1.346","30.661","3.228","11.288","1.518","15.082","2.072","15.262","2.002","20.961","2.547","23.751","2.862","12.043","1.390","12.720","1.371","19.986","2.864","6.183","0.817","7.648","1.044","11.344","1.467","6.159","0.748","17.577","2.108","18.090","2.124","13.510","1.413","4.399","0.616","16.585","2.235","7.113","0.955","11.277","1.378","9.831","1.180","5.992","0.710","33.813","3.807","6.024","0.848","3.511","0.478","11.860","1.583","17.491","2.124","17.824","2.141","11.110","1.322","22.939","2.594","14.281","2.002","12.716","1.730","7.685","1.045","5.803","0.723","15.246","1.836","12.401","1.480","22.299","2.525"
"118","30","PHARMACEUTICAL PRODUCTS","CONGO P REP","4.205","0.606","7.200","0.944","5.003","0.672","20.161","2.647","11.674","1.423","5.340","0.640","23.476","2.744","5.104","0.546","10.271","1.444","7.590","1.016","10.872","1.466","6.672","0.839","7.829","0.946","9.425","1.123","9.062","1.035","19.062","2.678","3.149","0.428","5.619","0.746","6.775","0.822","8.108","0.974","15.873","1.868","11.412","1.267","13.229","1.850","6.232","0.857","20.202","2.694","3.498","0.423","12.565","1.515","3.416","0.392","4.996","0.551","10.390","1.457","7.338","1.004","8.503","1.142","2.359","0.288","21.823","2.625","12.902","1.496","8.287","0.913","9.846","1.431","9.565","1.275","14.709","1.974","7.206","0.905","14.508","1.766","9.333","1.116","5.415","0.629","5.462","0.787","4.098","0.541","3.062","0.416","20.342","2.605","15.601","1.897","2.803","0.336","4.938","0.575","18.254","1.922","15.141","2.036","6.748","0.927","5.596","0.734","2.488","0.302","7.355","0.886","13.267","1.531","6.408","0.691","9.155","1.312","3.332","0.440","4.257","0.581","10.324","1.335","7.931","0.963","21.417","2.568","14.385","1.689","14.193","1.485","15.626","2.187","2.941","0.396","22.507","3.021","3.165","0.387","6.413","0.770","5.561","0.659","14.216","1.600","8.383","1.180","5.478","0.746","26.720","3.567","6.732","0.818","3.950","0.475","7.278","0.866","12.659","1.432","11.987","1.680","7.367","1.003","6.704","0.911","2.551","0.318","8.289","0.998","17.570","2.096","1.592","0.180"
"119","30","PHARMACEUTICAL PRODUCTS","LITHUANIA","4.169","0.600","6.629","0.870","5.674","0.762","12.632","1.658","7.429","0.906","6.330","0.759","14.115","1.650","10.305","1.102","9.850","1.384","14.886","1.994","20.198","2.723","26.621","3.346","9.204","1.112","3.666","0.437","6.850","0.783","6.760","0.950","11.722","1.593","14.015","1.859","21.669","2.628","10.604","1.273","12.754","1.501","18.349","2.037","8.189","1.145","2.635","0.362","13.452","1.793","10.578","1.280","16.690","2.012","8.082","0.928","2.172","0.239","13.232","1.855","11.019","1.507","10.149","1.363","13.663","1.668","16.507","1.986","4.346","0.504","4.326","0.476","5.412","0.786","4.627","0.617","6.896","0.925","5.032","0.632","10.881","1.325","1.923","0.230","4.568","0.531","7.162","1.031","8.301","1.096","5.321","0.723","13.294","1.703","13.624","1.657","24.155","2.894","26.697","3.108","19.909","2.096","13.668","1.838","17.204","2.363","26.286","3.448","15.032","1.827","30.412","3.664","5.888","0.680","12.300","1.326","10.734","1.538","10.807","1.428","11.300","1.542","19.411","2.510","13.073","1.588","10.332","1.239","3.145","0.369","5.868","0.614","4.316","0.604","11.039","1.487","6.946","0.932","40.091","4.900","4.911","0.590","3.927","0.466","5.487","0.618","9.268","1.305","13.003","1.770","10.837","1.447","10.230","1.242","16.855","2.025","4.420","0.526","3.367","0.381","12.129","1.700","18.281","2.488","10.019","1.362","11.310","1.410","6.645","0.800","9.733","1.161","15.180","1.719"
"120","30","PHARMACEUTICAL PRODUCTS","URUGUAY","4.025","0.580","2.788","0.366","1.426","0.191","3.073","0.403","3.500","0.427","3.310","0.397","3.374","0.394","11.066","1.183","1.170","0.164","0.666","0.089","0.406","0.055","3.328","0.418","7.881","0.952","5.388","0.642","4.553","0.520","2.458","0.345","4.150","0.564","2.388","0.317","11.495","1.394","5.871","0.705","3.102","0.365","3.245","0.360","6.783","0.949","2.980","0.410","4.498","0.600","2.501","0.303","2.819","0.340","4.670","0.536","2.433","0.268","1.832","0.257","0.902","0.123","2.615","0.351","2.580","0.315","2.176","0.262","6.699","0.777","11.780","1.297","3.179","0.462","5.003","0.667","3.624","0.486","5.215","0.655","7.650","0.931","1.516","0.181","13.134","1.525","6.103","0.879","2.417","0.319","1.669","0.227","2.035","0.261","6.369","0.774","1.935","0.232","1.389","0.162","4.946","0.521","1.943","0.261","2.416","0.332","6.145","0.806","4.359","0.530","2.786","0.336","8.361","0.965","5.046","0.544","3.399","0.487","0.753","0.099","3.809","0.520","2.097","0.271","1.845","0.224","6.169","0.740","6.014","0.706","2.512","0.263","2.475","0.346","8.307","1.119","1.919","0.258","2.448","0.299","3.848","0.462","2.137","0.253","5.064","0.570","1.658","0.233","2.580","0.351","3.188","0.426","1.015","0.123","3.779","0.454","1.875","0.223","3.548","0.401","2.890","0.405","1.511","0.206","5.259","0.715","6.148","0.766","9.078","1.093","3.481","0.415","4.363","0.494"
"121","30","PHARMACEUTICAL PRODUCTS","GEORGIA","4.010","0.578","4.360","0.572","11.812","1.586","28.996","3.807","40.997","4.998","12.444","1.492","9.416","1.101","38.748","4.142","4.227","0.594","16.030","2.147","17.515","2.361","6.879","0.865","18.476","2.232","15.136","1.804","17.933","2.049","11.309","1.588","16.023","2.177","42.478","5.636","14.211","1.723","20.546","2.467","29.674","3.492","32.707","3.630","13.933","1.949","11.279","1.550","12.974","1.730","21.356","2.585","19.762","2.382","19.223","2.208","24.811","2.735","10.708","1.502","6.792","0.929","12.326","1.656","16.451","2.009","7.003","0.842","17.180","1.992","25.936","2.856","4.731","0.688","7.719","1.029","20.851","2.798","10.346","1.300","23.563","2.868","16.424","1.965","18.904","2.195","4.328","0.623","7.297","0.964","18.519","2.518","49.722","6.368","10.260","1.248","25.464","3.051","8.786","1.023","35.616","3.750","14.285","1.921","13.757","1.890","27.940","3.664","25.689","3.122","21.180","2.552","19.669","2.270","45.061","4.858","6.606","0.947","13.600","1.798","11.661","1.592","128.844","16.664","20.782","2.524","18.376","2.204","11.681","1.371","30.407","3.181","6.891","0.964","8.504","1.146","14.827","1.990","12.595","1.539","18.096","2.172","5.175","0.613","23.824","2.682","6.737","0.948","8.262","1.125","17.763","2.371","14.240","1.729","13.512","1.623","18.262","2.173","12.815","1.449","7.211","1.011","8.577","1.167","58.268","7.921","9.879","1.231","18.565","2.235","21.471","2.562","15.168","1.717"
"122","30","PHARMACEUTICAL PRODUCTS","NIGER","3.939","0.567","2.154","0.283","10.470","1.406","7.462","0.980","7.123","0.868","24.915","2.987","20.477","2.393","6.725","0.719","7.783","1.094","8.216","1.100","9.140","1.232","13.478","1.694","0.525","0.063","19.799","2.360","17.344","1.982","6.314","0.887","12.884","1.751","10.366","1.375","16.451","1.995","5.896","0.708","6.075","0.715","26.923","2.988","15.666","2.191","7.743","1.064","20.540","2.739","7.216","0.873","12.277","1.480","9.451","1.086","8.256","0.910","16.320","2.288","8.318","1.138","1.576","0.212","4.223","0.516","6.703","0.806","17.403","2.017","10.485","1.155","13.137","1.909","1.676","0.223","9.716","1.304","12.095","1.519","8.722","1.062","5.823","0.697","4.073","0.473","9.707","1.398","7.126","0.941","8.490","1.154","13.056","1.672","16.253","1.976","18.358","2.199","4.656","0.542","10.363","1.091","2.603","0.350","17.338","2.382","15.647","2.052","15.623","1.899","12.343","1.487","29.432","3.397","10.613","1.144","1.964","0.281","11.000","1.454","13.310","1.817","3.959","0.512","12.214","1.483","44.915","5.386","12.985","1.524","27.983","2.927","7.562","1.058","14.782","1.992","5.272","0.708","5.491","0.671","8.959","1.076","20.255","2.401","212.772","23.954","7.998","1.126","6.712","0.914","3.666","0.489","22.851","2.775","1.264","0.152","18.282","2.176","229.935","26.006","9.728","1.364","9.096","1.238","24.123","3.279","11.651","1.452","3.079","0.371","7.325","0.874","15.535","1.759"
"123","30","PHARMACEUTICAL PRODUCTS","GABON","3.878","0.559","0.796","0.104","0.000","0.000","3.300","0.433","5.536","0.675","1.242","0.149","0.139","0.016","0.062","0.007","2.844","0.400","8.287","1.110","3.665","0.494","5.158","0.648","0.506","0.061","0.085","0.010","0.124","0.014","1.333","0.187","0.000","0.000","0.327","0.043","0.312","0.038","0.343","0.041","1.102","0.130","4.376","0.486","0.895","0.125","0.118","0.016","0.267","0.036","0.171","0.021","0.037","0.004","0.051","0.006","0.482","0.053","0.374","0.052","0.227","0.031","2.999","0.403","0.062","0.008","0.087","0.010","0.523","0.061","0.012","0.001","1.474","0.214","0.003","0.000","0.160","0.021","1.256","0.158","0.189","0.023","4.337","0.519","0.564","0.066","2.547","0.367","6.094","0.805","1.048","0.143","0.048","0.006","1.990","0.242","4.749","0.569","0.039","0.005","0.463","0.049","0.282","0.038","0.479","0.066","0.009","0.001","0.456","0.055","0.017","0.002","0.264","0.031","0.227","0.024","2.849","0.408","0.081","0.011","0.016","0.002","0.567","0.073","7.844","0.953","13.978","1.676","0.368","0.043","0.425","0.044","4.114","0.576","0.219","0.030","1.226","0.165","2.310","0.282","0.044","0.005","1.999","0.237","14.703","1.655","0.348","0.049","9.551","1.300","0.650","0.087","0.597","0.073","0.074","0.009","0.206","0.025","9.674","1.094","1.803","0.253","1.255","0.171","0.752","0.102","1.498","0.187","0.334","0.040","1.751","0.209","2.424","0.274"
"124","30","PHARMACEUTICAL PRODUCTS","QATAR","3.707","0.534","3.247","0.426","5.325","0.715","5.206","0.684","10.495","1.280","7.186","0.862","12.873","1.505","8.145","0.871","2.769","0.389","1.798","0.241","3.736","0.504","4.677","0.588","11.270","1.361","9.259","1.104","8.549","0.977","2.695","0.379","2.276","0.309","4.108","0.545","6.240","0.757","8.476","1.018","8.535","1.004","7.900","0.877","3.820","0.534","2.479","0.341","6.474","0.863","3.897","0.472","7.697","0.928","12.819","1.473","4.475","0.493","4.913","0.689","8.647","1.183","7.129","0.958","5.011","0.612","7.761","0.934","11.493","1.332","7.143","0.787","3.157","0.459","7.685","1.025","4.865","0.653","5.445","0.684","11.506","1.401","5.248","0.628","8.365","0.971","3.902","0.562","3.958","0.523","2.681","0.364","5.676","0.727","6.904","0.840","8.982","1.076","9.875","1.150","11.945","1.258","2.596","0.349","5.933","0.815","8.063","1.057","5.174","0.629","7.945","0.957","12.719","1.468","6.358","0.685","2.663","0.382","5.713","0.755","5.621","0.767","5.127","0.663","6.022","0.731","5.411","0.649","11.358","1.333","9.705","1.015","2.948","0.413","4.394","0.592","4.509","0.605","5.026","0.614","8.062","0.968","8.857","1.050","5.230","0.589","4.306","0.606","4.395","0.598","3.852","0.514","10.804","1.312","5.447","0.654","6.675","0.794","6.576","0.744","2.453","0.344","7.349","1.000","3.752","0.510","5.876","0.732","7.870","0.948","8.721","1.041","8.928","1.011"
"125","30","PHARMACEUTICAL PRODUCTS","BAHARAIN IS","3.487","0.502","20.573","2.699","2.544","0.342","2.935","0.385","5.505","0.671","9.084","1.089","7.168","0.838","6.155","0.658","2.056","0.289","6.044","0.809","3.272","0.441","6.039","0.759","7.405","0.894","5.633","0.671","6.084","0.695","2.955","0.415","4.707","0.640","7.144","0.948","9.275","1.125","12.959","1.556","4.838","0.569","8.103","0.899","1.363","0.191","6.146","0.845","1.931","0.257","3.747","0.454","5.962","0.719","2.786","0.320","3.146","0.347","2.680","0.376","5.055","0.691","4.231","0.568","6.594","0.805","5.325","0.641","5.171","0.599","7.385","0.813","1.986","0.289","3.424","0.457","7.299","0.979","8.753","1.100","8.367","1.019","2.734","0.327","9.442","1.096","1.206","0.174","3.388","0.447","8.977","1.220","6.773","0.868","6.454","0.785","5.592","0.670","4.296","0.500","6.232","0.656","13.925","1.873","3.084","0.424","10.815","1.418","9.050","1.100","11.965","1.442","14.765","1.704","4.523","0.488","1.449","0.208","8.457","1.118","3.812","0.520","3.455","0.447","6.579","0.799","4.970","0.596","5.660","0.664","11.301","1.182","0.967","0.135","2.376","0.320","1.972","0.265","4.818","0.589","4.103","0.493","5.332","0.632","5.466","0.615","2.961","0.417","1.679","0.229","3.872","0.517","5.230","0.635","3.909","0.470","7.696","0.916","5.830","0.659","4.271","0.599","6.079","0.827","1.361","0.185","4.667","0.582","5.397","0.650","5.082","0.606","7.033","0.796"
"126","30","PHARMACEUTICAL PRODUCTS","PARAGUAY","3.338","0.481","4.919","0.645","8.107","1.089","5.232","0.687","7.574","0.923","9.103","1.091","11.458","1.339","17.740","1.896","8.305","1.167","0.824","0.110","9.117","1.229","2.945","0.370","9.155","1.106","5.814","0.693","6.947","0.794","9.299","1.306","2.720","0.370","5.969","0.792","6.812","0.826","6.923","0.831","9.084","1.069","14.745","1.637","5.501","0.770","2.278","0.313","7.709","1.028","3.405","0.412","10.445","1.259","8.815","1.013","13.521","1.490","5.649","0.792","1.991","0.272","9.515","1.278","3.705","0.452","6.211","0.747","7.847","0.910","20.449","2.252","1.761","0.256","14.988","1.999","4.885","0.655","4.312","0.542","5.020","0.611","5.701","0.682","9.417","1.094","6.890","0.992","5.025","0.664","10.320","1.403","12.280","1.573","6.354","0.773","2.262","0.271","9.836","1.145","13.427","1.414","3.136","0.422","6.716","0.923","10.426","1.367","12.794","1.555","1.616","0.195","17.854","2.061","8.841","0.953","7.152","1.025","7.504","0.992","11.041","1.507","5.743","0.743","7.306","0.887","8.859","1.062","4.902","0.575","10.604","1.109","5.910","0.827","6.195","0.835","39.912","5.358","7.430","0.908","1.429","0.172","10.923","1.295","3.635","0.409","2.280","0.321","2.814","0.383","7.470","0.997","4.565","0.554","2.499","0.300","6.028","0.717","11.712","1.325","3.723","0.522","3.469","0.472","10.562","1.436","12.335","1.537","7.131","0.859","5.309","0.634","11.747","1.330"
"127","30","PHARMACEUTICAL PRODUCTS","MOLDOVA","3.296","0.475","0.393","0.052","2.007","0.269","2.106","0.276","1.567","0.191","4.132","0.495","1.690","0.198","1.478","0.158","2.972","0.418","2.946","0.394","2.417","0.326","1.819","0.229","4.906","0.593","2.884","0.344","2.355","0.269","2.789","0.392","3.394","0.461","4.334","0.575","3.639","0.441","0.904","0.108","1.341","0.158","2.235","0.248","2.177","0.305","3.529","0.485","4.019","0.536","3.166","0.383","7.993","0.963","2.924","0.336","3.329","0.367","0.555","0.078","4.846","0.663","3.256","0.437","0.601","0.073","2.123","0.255","2.573","0.298","4.183","0.461","2.867","0.417","3.982","0.531","3.415","0.458","2.919","0.367","4.065","0.495","2.120","0.254","2.395","0.278","4.159","0.599","3.923","0.518","1.784","0.243","1.922","0.246","1.463","0.178","3.371","0.404","3.310","0.385","1.749","0.184","1.942","0.261","8.867","1.218","2.494","0.327","5.758","0.700","3.454","0.416","4.879","0.563","2.412","0.260","2.843","0.407","2.749","0.363","2.225","0.304","3.749","0.485","2.825","0.343","2.659","0.319","1.772","0.208","2.493","0.261","1.076","0.151","3.455","0.466","3.082","0.414","1.248","0.153","2.492","0.299","0.507","0.060","5.400","0.608","2.661","0.375","5.069","0.690","1.606","0.214","2.173","0.264","1.612","0.194","2.827","0.336","2.022","0.229","1.291","0.181","3.555","0.484","3.331","0.453","2.611","0.325","0.682","0.082","3.140","0.375","1.682","0.190"
"128","30","PHARMACEUTICAL PRODUCTS","CUBA","3.198","0.461","0.058","0.008","2.935","0.394","7.204","0.946","2.056","0.251","1.901","0.228","0.300","0.035","6.001","0.641","8.763","1.232","5.818","0.779","6.643","0.896","2.172","0.273","5.157","0.623","3.854","0.459","1.988","0.227","5.545","0.779","5.068","0.689","3.463","0.459","5.719","0.694","2.391","0.287","1.777","0.209","2.198","0.244","4.103","0.574","1.365","0.188","4.208","0.561","2.681","0.325","0.097","0.012","1.100","0.126","1.118","0.123","0.804","0.113","0.786","0.107","1.576","0.212","5.508","0.673","0.466","0.056","1.067","0.124","4.670","0.514","12.585","1.829","6.264","0.835","7.725","1.036","2.938","0.369","4.555","0.554","3.074","0.368","1.178","0.137","11.553","1.664","9.256","1.222","6.696","0.910","5.543","0.710","5.783","0.703","13.132","1.573","3.967","0.462","0.986","0.104","1.148","0.154","4.049","0.556","0.917","0.120","6.746","0.820","2.408","0.290","2.335","0.270","0.275","0.030","5.943","0.852","2.920","0.386","4.489","0.613","3.203","0.414","0.956","0.116","0.065","0.008","4.135","0.485","1.989","0.208","11.381","1.593","9.311","1.255","1.670","0.224","3.454","0.422","0.811","0.097","2.290","0.271","10.146","1.142","5.950","0.838","3.287","0.448","5.459","0.729","4.179","0.508","0.431","0.052","1.578","0.188","1.319","0.149","13.805","1.935","9.796","1.333","1.776","0.241","10.009","1.248","1.715","0.206","3.794","0.453","4.299","0.487"
"129","30","PHARMACEUTICAL PRODUCTS","BELARUS","3.170","0.457","5.839","0.766","2.583","0.347","1.395","0.183","5.816","0.709","12.875","1.544","11.865","1.387","29.393","3.142","10.177","1.430","6.687","0.896","14.057","1.895","9.006","1.132","9.769","1.180","12.320","1.469","9.467","1.082","7.478","1.050","14.511","1.972","60.543","8.033","11.904","1.444","8.615","1.034","12.662","1.490","13.405","1.488","7.661","1.072","4.741","0.652","20.156","2.687","7.542","0.913","12.317","1.485","8.186","0.940","10.313","1.137","2.444","0.343","5.857","0.801","3.935","0.529","9.637","1.177","5.003","0.602","5.679","0.658","16.072","1.770","2.743","0.399","5.249","0.700","5.621","0.754","4.151","0.521","12.169","1.481","11.347","1.357","17.042","1.979","18.969","2.732","6.473","0.855","14.799","2.012","30.101","3.855","31.399","3.818","21.012","2.517","11.653","1.357","15.271","1.608","11.341","1.525","14.851","2.040","6.725","0.882","16.637","2.022","8.124","0.979","16.896","1.950","41.904","4.517","3.394","0.486","9.057","1.197","2.362","0.322","28.395","3.672","7.869","0.956","11.523","1.382","10.217","1.199","9.733","1.018","2.386","0.334","6.634","0.894","20.346","2.731","2.752","0.336","3.475","0.417","15.869","1.881","11.933","1.343","4.346","0.612","12.339","1.680","2.675","0.357","2.747","0.334","28.253","3.394","9.668","1.151","19.719","2.230","9.210","1.291","14.193","1.931","7.685","1.045","8.736","1.089","8.336","1.004","18.754","2.238","29.385","3.327"
"130","30","PHARMACEUTICAL PRODUCTS","CROATIA","3.163","0.456","3.345","0.439","14.149","1.900","2.674","0.351","7.594","0.926","1.011","0.121","2.604","0.304","8.003","0.855","5.413","0.761","4.223","0.565","1.754","0.236","6.820","0.857","3.497","0.422","8.379","0.999","6.614","0.756","3.325","0.467","7.652","1.040","7.387","0.980","7.244","0.878","6.231","0.748","7.540","0.887","9.824","1.090","1.610","0.225","2.404","0.330","5.884","0.785","7.771","0.941","6.279","0.757","6.815","0.783","3.325","0.367","4.338","0.608","2.789","0.381","2.502","0.336","5.910","0.722","2.590","0.312","4.639","0.538","2.749","0.303","1.304","0.190","3.832","0.511","2.845","0.382","3.452","0.434","6.715","0.817","5.692","0.681","22.012","2.556","2.009","0.289","3.096","0.409","6.626","0.901","6.465","0.828","9.477","1.152","2.068","0.248","6.712","0.781","7.833","0.825","5.918","0.796","4.593","0.631","7.325","0.961","2.801","0.340","5.830","0.702","27.762","3.204","24.234","2.613","0.293","0.042","2.361","0.312","8.554","1.168","6.569","0.850","6.426","0.780","6.056","0.726","5.755","0.676","6.338","0.663","4.307","0.603","3.729","0.502","8.017","1.076","4.864","0.595","3.507","0.421","3.147","0.373","7.536","0.848","0.965","0.136","5.347","0.728","2.875","0.384","3.448","0.419","14.344","1.723","16.646","1.981","4.125","0.467","2.552","0.358","3.773","0.513","7.731","1.051","4.696","0.585","10.650","1.282","4.621","0.551","4.062","0.460"
"131","30","PHARMACEUTICAL PRODUCTS","ARGENTINA","3.113","0.448","6.362","0.834","12.580","1.689","9.070","1.191","30.576","3.728","18.803","2.254","15.816","1.849","20.676","2.210","10.389","1.460","11.377","1.524","19.356","2.609","8.264","1.039","12.333","1.490","10.274","1.225","25.188","2.878","17.376","2.441","19.178","2.606","22.063","2.927","6.763","0.820","5.699","0.684","15.541","1.829","8.118","0.901","15.038","2.104","10.059","1.383","10.134","1.351","7.388","0.894","11.757","1.417","7.960","0.914","4.862","0.536","26.702","3.744","9.687","1.325","17.451","2.344","5.247","0.641","10.719","1.290","3.978","0.461","10.394","1.145","11.653","1.693","4.090","0.545","8.316","1.116","15.448","1.941","13.803","1.680","18.994","2.272","31.180","3.621","7.279","1.048","12.971","1.713","14.087","1.915","32.686","4.186","6.684","0.813","5.101","0.611","18.284","2.128","30.117","3.171","31.850","4.284","6.879","0.945","16.652","2.184","6.606","0.803","14.808","1.784","29.696","3.428","12.416","1.339","2.636","0.378","12.840","1.697","10.448","1.426","6.873","0.889","16.096","1.955","9.613","1.153","24.821","2.914","19.145","2.003","8.439","1.181","13.703","1.846","10.180","1.367","8.591","1.050","8.129","0.976","11.400","1.351","9.052","1.019","6.419","0.904","8.087","1.101","21.802","2.910","10.096","1.226","7.003","0.841","8.972","1.068","17.965","2.032","18.856","2.643","32.718","4.453","44.186","6.006","27.007","3.366","18.987","2.286","12.993","1.550","16.656","1.886"
"132","30","PHARMACEUTICAL PRODUCTS","PORTUGAL","2.971","0.428","3.151","0.413","5.489","0.737","3.162","0.415","8.960","1.092","3.517","0.422","27.043","3.161","23.194","2.479","5.403","0.759","8.424","1.128","8.131","1.096","6.200","0.779","7.169","0.866","6.311","0.752","15.200","1.737","2.644","0.371","2.522","0.343","5.662","0.751","8.965","1.087","2.678","0.322","12.582","1.480","12.629","1.402","2.407","0.337","8.006","1.100","3.975","0.530","3.453","0.418","7.901","0.952","8.797","1.011","15.610","1.720","5.187","0.727","3.397","0.465","5.080","0.682","10.216","1.247","5.576","0.671","11.011","1.276","8.823","0.972","3.552","0.516","4.632","0.618","4.560","0.612","10.119","1.271","5.844","0.711","9.458","1.131","15.538","1.804","3.501","0.504","0.498","0.066","3.855","0.524","11.947","1.530","11.363","1.382","4.930","0.591","8.004","0.932","10.826","1.140","3.081","0.414","3.922","0.539","8.001","1.049","10.226","1.243","7.698","0.927","14.175","1.636","15.710","1.694","3.184","0.456","6.056","0.800","7.182","0.980","7.319","0.947","7.197","0.874","3.404","0.408","30.087","3.532","19.568","2.047","4.786","0.670","4.055","0.546","1.093","0.147","4.748","0.580","9.566","1.148","8.732","1.035","9.354","1.053","4.384","0.617","6.267","0.853","2.340","0.312","6.091","0.740","7.463","0.897","10.685","1.272","6.546","0.740","3.758","0.527","1.881","0.256","3.352","0.456","7.650","0.954","10.741","1.293","9.217","1.100","9.941","1.126"
"133","30","PHARMACEUTICAL PRODUCTS","SENEGAL","2.918","0.420","3.519","0.462","29.593","3.974","24.986","3.280","33.563","4.092","44.498","5.335","52.379","6.122","71.151","7.606","9.951","1.399","29.504","3.951","13.933","1.878","26.644","3.349","37.885","4.576","37.435","4.462","66.564","7.606","10.670","1.499","17.398","2.364","21.859","2.900","36.071","4.374","63.496","7.624","53.975","6.351","85.770","9.520","9.007","1.260","27.238","3.744","19.195","2.559","31.723","3.840","65.634","7.911","33.309","3.826","70.796","7.803","10.970","1.538","36.152","4.945","27.034","3.632","49.949","6.099","38.446","4.625","65.827","7.631","69.435","7.647","9.178","1.334","15.732","2.098","16.693","2.240","28.956","3.638","32.352","3.938","26.807","3.207","59.846","6.950","15.010","2.162","17.674","2.334","14.593","1.984","26.038","3.335","41.577","5.056","39.621","4.747","42.836","4.986","64.381","6.779","6.325","0.851","22.289","3.062","30.884","4.051","29.138","3.541","67.966","8.189","61.184","7.062","88.391","9.529","7.158","1.026","16.145","2.134","20.255","2.765","23.203","3.001","43.890","5.330","44.089","5.287","63.769","7.486","78.270","8.187","10.926","1.529","16.599","2.236","18.872","2.533","34.244","4.186","36.465","4.378","42.950","5.091","52.089","5.864","18.367","2.585","21.301","2.900","19.779","2.640","22.005","2.672","40.434","4.858","77.053","9.170","68.681","7.768","9.721","1.363","10.294","1.401","24.947","3.391","50.163","6.252","47.428","5.711","69.236","8.261","65.196","7.382"
"134","30","PHARMACEUTICAL PRODUCTS","BHUTAN","2.900","0.418","2.459","0.323","1.563","0.210","3.018","0.396","1.811","0.221","2.577","0.309","2.098","0.245","3.299","0.353","1.616","0.227","3.888","0.521","12.267","1.654","3.302","0.415","1.777","0.215","1.288","0.154","2.110","0.241","4.037","0.567","3.001","0.408","2.373","0.315","11.333","1.374","9.041","1.086","11.009","1.295","10.592","1.176","0.789","0.110","2.624","0.361","1.650","0.220","2.854","0.345","4.774","0.575","5.317","0.611","2.396","0.264","1.387","0.195","8.217","1.124","2.531","0.340","4.509","0.551","6.957","0.837","4.545","0.527","3.394","0.374","1.077","0.157","3.860","0.515","1.200","0.161","2.222","0.279","1.562","0.190","1.575","0.188","1.417","0.165","1.042","0.150","3.411","0.450","1.710","0.232","2.768","0.355","2.141","0.260","2.820","0.338","2.915","0.339","1.564","0.165","1.467","0.197","10.489","1.441","2.568","0.337","3.466","0.421","2.740","0.330","2.153","0.248","2.817","0.304","1.416","0.203","2.680","0.354","1.226","0.167","2.484","0.321","1.504","0.183","1.503","0.180","1.738","0.204","2.733","0.286","8.139","1.139","2.122","0.286","4.282","0.575","13.149","1.607","11.478","1.378","13.435","1.592","12.707","1.431","8.337","1.174","3.697","0.503","7.022","0.937","4.328","0.526","7.667","0.921","6.689","0.796","6.722","0.760","4.609","0.646","3.850","0.524","10.448","1.420","2.534","0.316","2.375","0.286","3.620","0.432","5.940","0.672"
"135","30","PHARMACEUTICAL PRODUCTS","ERITREA","2.897","0.417","0.825","0.108","3.648","0.490","1.647","0.216","3.103","0.378","1.546","0.185","4.798","0.561","3.826","0.409","0.112","0.016","1.761","0.236","4.586","0.618","2.297","0.289","5.879","0.710","0.671","0.080","2.021","0.231","0.397","0.056","5.004","0.680","3.134","0.416","2.890","0.350","1.830","0.220","1.739","0.205","1.964","0.218","0.122","0.017","2.380","0.327","6.240","0.832","6.575","0.796","2.545","0.307","1.941","0.223","1.487","0.164","1.521","0.213","3.193","0.437","1.504","0.202","0.074","0.009","1.474","0.177","3.174","0.368","1.353","0.149","0.056","0.008","4.180","0.557","1.693","0.227","0.993","0.125","3.152","0.384","4.640","0.555","7.233","0.840","0.906","0.131","1.247","0.165","0.194","0.026","0.959","0.123","1.097","0.133","3.490","0.418","1.093","0.127","1.118","0.118","0.580","0.078","1.331","0.183","1.314","0.172","2.694","0.327","10.894","1.313","1.712","0.198","0.860","0.093","0.170","0.024","0.173","0.023","0.491","0.067","3.780","0.489","3.600","0.437","5.463","0.655","0.702","0.082","2.073","0.217","0.617","0.086","5.722","0.771","0.305","0.041","1.889","0.231","1.277","0.153","3.161","0.375","0.265","0.030","0.783","0.110","6.497","0.884","3.253","0.434","4.995","0.607","2.699","0.324","1.321","0.157","1.530","0.173","17.789","2.494","3.617","0.492","3.917","0.532","7.028","0.876","1.775","0.214","0.710","0.085","3.083","0.349"
"136","30","PHARMACEUTICAL PRODUCTS","GAMBIA","2.846","0.410","0.889","0.117","7.586","1.019","0.878","0.115","4.864","0.593","9.818","1.177","6.775","0.792","10.662","1.140","4.778","0.672","3.091","0.414","3.725","0.502","8.533","1.073","3.468","0.419","4.943","0.589","7.448","0.851","5.237","0.736","7.626","1.036","6.104","0.810","4.116","0.499","3.630","0.436","7.003","0.824","5.961","0.662","3.240","0.453","6.032","0.829","5.086","0.678","5.566","0.674","5.901","0.711","5.178","0.595","5.103","0.562","2.537","0.356","7.830","1.071","4.041","0.543","5.793","0.707","4.239","0.510","6.241","0.723","11.523","1.269","2.119","0.308","6.921","0.923","5.619","0.754","8.039","1.010","0.977","0.119","6.580","0.787","6.374","0.740","2.619","0.377","3.339","0.441","6.736","0.916","4.257","0.545","7.459","0.907","5.247","0.629","7.074","0.823","3.993","0.420","1.479","0.199","6.281","0.863","6.679","0.876","9.079","1.103","10.284","1.239","8.904","1.028","7.755","0.836","3.761","0.539","1.396","0.184","4.640","0.633","10.231","1.323","3.707","0.450","6.062","0.727","3.938","0.462","5.705","0.597","4.118","0.576","6.334","0.853","3.827","0.514","3.257","0.398","4.312","0.518","4.602","0.546","10.071","1.134","2.887","0.406","10.700","1.457","6.152","0.821","6.301","0.765","2.797","0.336","7.866","0.936","4.924","0.557","1.934","0.271","5.066","0.689","3.697","0.503","6.635","0.827","1.309","0.158","7.654","0.913","3.898","0.441"
"137","30","PHARMACEUTICAL PRODUCTS","NAMIBIA","2.643","0.381","2.462","0.323","10.169","1.365","14.057","1.846","20.782","2.534","10.794","1.294","21.867","2.556","14.613","1.562","34.120","4.796","22.935","3.071","26.694","3.598","3.128","0.393","48.146","5.816","8.213","0.979","13.794","1.576","15.868","2.229","13.319","1.810","25.426","3.373","13.664","1.657","5.202","0.625","15.623","1.838","31.313","3.476","7.110","0.995","16.830","2.313","27.975","3.730","4.241","0.513","21.060","2.538","20.972","2.409","36.849","4.061","12.107","1.698","10.955","1.498","18.103","2.432","12.947","1.581","6.009","0.723","21.510","2.493","58.673","6.462","7.101","1.032","21.741","2.899","43.697","5.863","17.199","2.161","14.583","1.775","11.733","1.404","13.559","1.574","19.020","2.739","8.903","1.176","4.301","0.585","43.854","5.617","13.487","1.640","15.741","1.886","26.284","3.060","18.934","1.994","7.579","1.019","23.465","3.224","8.742","1.147","2.701","0.328","11.490","1.384","13.824","1.596","35.684","3.847","14.317","2.052","24.568","3.247","10.768","1.470","17.320","2.240","37.936","4.607","33.810","4.054","21.657","2.542","20.335","2.127","7.755","1.085","4.519","0.609","15.105","2.028","10.616","1.298","7.748","0.930","14.529","1.722","23.603","2.657","11.918","1.678","59.173","8.055","11.956","1.596","21.756","2.642","19.096","2.294","11.725","1.395","18.343","2.075","40.875","5.730","12.821","1.745","9.633","1.309","36.328","4.528","8.462","1.019","67.482","8.052","10.513","1.190"
"138","30","PHARMACEUTICAL PRODUCTS","LATVIA","2.508","0.361","3.111","0.408","8.873","1.191","3.291","0.432","71.734","8.746","95.906","11.499","103.544","12.102","198.336","21.201","4.043","0.568","2.912","0.390","2.747","0.370","11.852","1.490","35.017","4.230","126.346","15.060","143.504","16.397","5.110","0.718","8.286","1.126","3.609","0.479","20.048","2.431","89.623","10.762","125.659","14.786","94.463","10.485","2.003","0.280","5.557","0.764","1.470","0.196","12.406","1.502","38.978","4.698","103.135","11.847","124.458","13.717","4.146","0.581","4.765","0.652","3.181","0.427","8.195","1.001","78.359","9.427","88.032","10.205","146.238","16.106","3.135","0.456","2.620","0.349","3.147","0.422","12.824","1.611","84.163","10.245","123.593","14.785","168.420","19.558","0.979","0.141","2.115","0.279","1.563","0.212","25.007","3.203","34.002","4.135","58.493","7.008","129.367","15.060","139.571","14.696","3.570","0.480","2.912","0.400","0.896","0.117","23.399","2.844","90.134","10.860","136.988","15.812","211.831","22.836","2.670","0.383","5.607","0.741","2.372","0.324","9.218","1.192","42.649","5.179","85.507","10.253","134.093","15.740","146.108","15.284","10.356","1.449","6.368","0.858","2.444","0.328","27.018","3.302","96.269","11.557","108.857","12.903","57.281","6.449","8.499","1.196","2.473","0.337","2.724","0.364","13.426","1.631","63.348","7.611","124.276","14.790","80.840","9.143","12.527","1.756","6.502","0.885","4.408","0.599","10.790","1.345","62.668","7.546","131.193","15.654","93.963","10.639"
"139","30","PHARMACEUTICAL PRODUCTS","GREECE","2.507","0.361","4.783","0.627","5.706","0.766","3.882","0.510","9.432","1.150","4.270","0.512","24.560","2.870","33.025","3.530","1.848","0.260","2.890","0.387","2.956","0.398","6.205","0.780","7.790","0.941","10.908","1.300","47.970","5.481","1.039","0.146","4.705","0.639","5.642","0.748","8.999","1.091","7.214","0.866","15.043","1.770","45.831","5.087","4.642","0.649","7.935","1.091","4.639","0.618","7.591","0.919","7.393","0.891","30.131","3.461","70.217","7.739","5.827","0.817","4.042","0.553","7.751","1.041","4.736","0.578","10.366","1.247","31.976","3.707","55.518","6.114","2.408","0.350","5.288","0.705","5.613","0.753","5.475","0.688","9.328","1.136","13.649","1.633","30.098","3.495","2.664","0.384","5.502","0.727","4.700","0.639","5.341","0.684","10.516","1.279","13.615","1.631","34.827","4.054","63.326","6.668","2.726","0.367","8.447","1.160","10.940","1.435","12.343","1.500","6.860","0.827","38.690","4.466","67.288","7.254","2.586","0.371","2.948","0.390","6.692","0.913","11.350","1.468","3.328","0.404","15.761","1.890","30.594","3.591","145.880","15.260","1.792","0.251","7.816","1.053","3.779","0.507","7.139","0.873","10.258","1.231","13.335","1.581","62.434","7.029","1.692","0.238","6.002","0.817","5.969","0.797","6.108","0.742","16.459","1.977","13.833","1.646","43.144","4.880","3.621","0.508","5.120","0.697","8.654","1.176","7.566","0.943","12.075","1.454","14.205","1.695","42.515","4.814"
"140","30","PHARMACEUTICAL PRODUCTS","TOGO","2.471","0.356","3.309","0.434","2.977","0.400","5.262","0.691","31.244","3.809","8.007","0.960","8.294","0.969","14.665","1.568","8.136","1.144","10.405","1.393","1.825","0.246","4.988","0.627","9.355","1.130","12.853","1.532","21.796","2.490","4.188","0.588","11.780","1.601","7.244","0.961","4.808","0.583","11.073","1.330","3.399","0.400","33.528","3.722","9.782","1.368","2.500","0.344","2.318","0.309","11.483","1.390","1.586","0.191","14.232","1.635","20.833","2.296","1.946","0.273","4.361","0.596","6.500","0.873","6.512","0.795","5.014","0.603","23.290","2.700","24.293","2.675","3.029","0.440","8.053","1.074","26.510","3.557","1.121","0.141","3.645","0.444","9.040","1.081","8.294","0.963","4.637","0.668","14.270","1.884","9.036","1.228","3.899","0.499","8.392","1.021","14.547","1.743","20.151","2.346","29.396","3.095","6.767","0.910","6.235","0.857","21.443","2.812","7.661","0.931","4.443","0.535","24.447","2.822","8.418","0.907","11.552","1.656","10.133","1.339","8.906","1.216","1.990","0.257","2.732","0.332","8.332","0.999","14.898","1.749","16.021","1.676","6.362","0.890","7.679","1.035","4.189","0.562","6.796","0.831","2.920","0.350","14.893","1.765","11.092","1.249","3.709","0.522","52.055","7.086","4.914","0.656","13.934","1.692","10.733","1.289","6.598","0.785","30.660","3.468","3.985","0.559","10.760","1.464","5.456","0.742","8.048","1.003","10.506","1.265","8.942","1.067","12.533","1.419"
"141","30","PHARMACEUTICAL PRODUCTS","C AFRI REP","2.301","0.331","3.723","0.488","20.010","2.687","12.563","1.649","2.277","0.278","8.518","1.021","5.447","0.637","1.578","0.169","2.286","0.321","20.892","2.798","1.788","0.241","7.280","0.915","3.846","0.465","1.328","0.158","0.669","0.076","4.432","0.623","2.437","0.331","1.931","0.256","5.597","0.679","2.136","0.257","0.736","0.087","1.616","0.179","1.897","0.265","1.245","0.171","22.133","2.951","1.041","0.126","9.709","1.170","2.050","0.235","0.190","0.021","12.223","1.714","3.025","0.414","3.132","0.421","9.810","1.198","2.103","0.253","10.066","1.167","6.735","0.742","7.375","1.072","6.168","0.822","6.172","0.828","2.764","0.347","4.379","0.533","3.603","0.431","6.789","0.788","4.144","0.597","6.812","0.900","3.118","0.424","4.774","0.611","7.356","0.895","1.333","0.160","5.247","0.611","5.930","0.624","2.548","0.343","12.994","1.785","13.741","1.802","2.336","0.284","2.947","0.355","7.658","0.884","2.183","0.235","12.068","1.730","12.999","1.718","1.675","0.229","6.389","0.826","11.139","1.353","4.416","0.530","3.285","0.386","7.057","0.738","15.037","2.105","3.880","0.523","5.301","0.712","1.881","0.230","0.936","0.112","2.780","0.330","10.912","1.229","3.994","0.562","5.765","0.785","6.134","0.819","2.736","0.332","1.305","0.157","15.602","1.857","1.990","0.225","13.744","1.927","10.670","1.452","4.735","0.644","3.499","0.436","1.758","0.212","2.760","0.329","4.416","0.500"
"142","30","PHARMACEUTICAL PRODUCTS","VANUATU REP","2.256","0.325","0.000","0.000","0.942","0.126","2.645","0.347","0.578","0.070","0.720","0.086","1.385","0.162","2.282","0.244","0.708","0.099","1.653","0.221","1.114","0.150","1.234","0.155","0.586","0.071","1.089","0.130","0.806","0.092","1.684","0.237","0.508","0.069","0.869","0.115","0.322","0.039","0.636","0.076","0.569","0.067","0.510","0.057","0.799","0.112","0.314","0.043","0.892","0.119","1.527","0.185","0.542","0.065","0.496","0.057","0.567","0.063","0.875","0.123","0.543","0.074","0.477","0.064","0.495","0.060","0.502","0.060","0.438","0.051","0.705","0.078","0.434","0.063","1.462","0.195","1.365","0.183","0.709","0.089","0.657","0.080","0.285","0.034","2.977","0.346","0.483","0.070","1.546","0.204","0.464","0.063","1.001","0.128","1.284","0.156","0.712","0.085","0.300","0.035","0.872","0.092","0.931","0.125","1.344","0.185","0.882","0.116","0.753","0.091","1.911","0.230","0.553","0.064","0.713","0.077","0.346","0.050","0.127","0.017","0.617","0.084","1.149","0.149","0.873","0.106","0.918","0.110","0.444","0.052","0.692","0.072","0.433","0.061","0.192","0.026","0.780","0.105","0.934","0.114","0.775","0.093","0.762","0.090","1.209","0.136","0.537","0.076","0.239","0.033","1.039","0.139","0.438","0.053","0.903","0.109","0.885","0.105","0.562","0.064","0.631","0.089","0.531","0.072","1.492","0.203","0.930","0.116","1.253","0.151","0.543","0.065","0.529","0.060"
"143","30","PHARMACEUTICAL PRODUCTS","KYRGHYZSTAN","2.007","0.289","2.391","0.314","4.947","0.664","4.940","0.649","7.719","0.941","23.114","2.771","12.661","1.480","7.969","0.852","5.117","0.719","11.473","1.536","6.452","0.870","5.394","0.678","13.252","1.601","11.862","1.414","17.072","1.951","4.645","0.653","10.292","1.398","5.979","0.793","16.709","2.026","7.567","0.909","9.225","1.086","9.569","1.062","6.049","0.846","4.234","0.582","9.893","1.319","6.308","0.764","10.719","1.292","8.608","0.989","5.242","0.578","8.796","1.233","10.152","1.389","8.571","1.151","10.428","1.273","12.406","1.493","12.217","1.416","12.844","1.415","5.177","0.752","8.144","1.086","6.857","0.920","15.446","1.940","5.657","0.689","9.445","1.130","22.330","2.593","6.221","0.896","3.555","0.469","5.274","0.717","5.825","0.746","12.130","1.475","8.683","1.040","22.834","2.658","12.496","1.316","5.906","0.794","3.848","0.529","6.031","0.791","29.849","3.627","11.880","1.431","16.136","1.862","6.496","0.700","3.187","0.457","9.878","1.306","4.706","0.642","16.990","2.197","4.365","0.530","7.217","0.865","15.416","1.810","26.296","2.751","11.181","1.565","12.100","1.630","6.732","0.904","13.278","1.623","8.296","0.996","8.214","0.974","12.727","1.433","4.771","0.672","13.183","1.795","5.673","0.757","15.536","1.887","8.431","1.013","16.759","1.994","8.497","0.961","8.857","1.242","8.866","1.207","4.717","0.641","8.310","1.036","13.476","1.623","24.844","2.964","9.156","1.037"
"144","30","PHARMACEUTICAL PRODUCTS","SERBIA","1.833","0.264","2.035","0.267","3.251","0.437","4.318","0.567","4.069","0.496","2.434","0.292","5.879","0.687","1.733","0.185","1.904","0.268","2.099","0.281","3.799","0.512","4.957","0.623","3.958","0.478","5.445","0.649","5.563","0.636","3.720","0.522","8.404","1.142","3.851","0.511","2.852","0.346","4.056","0.487","1.382","0.163","8.136","0.903","0.453","0.063","4.662","0.641","3.711","0.495","7.888","0.955","5.468","0.659","6.273","0.721","3.745","0.413","2.870","0.402","2.810","0.384","3.432","0.461","3.808","0.465","2.126","0.256","22.165","2.569","2.915","0.321","4.129","0.600","2.268","0.302","4.323","0.580","2.753","0.346","3.618","0.440","4.393","0.526","4.749","0.551","0.515","0.074","5.637","0.744","3.300","0.449","5.506","0.705","4.697","0.571","3.550","0.425","3.589","0.418","6.990","0.736","0.992","0.133","6.571","0.903","1.200","0.157","4.347","0.528","4.140","0.499","6.098","0.704","2.066","0.223","1.752","0.251","2.920","0.386","4.883","0.666","1.274","0.165","4.368","0.530","5.827","0.699","8.895","1.044","2.442","0.255","3.154","0.441","4.781","0.644","1.427","0.192","0.430","0.053","4.138","0.497","3.050","0.361","5.695","0.641","1.914","0.269","4.713","0.642","4.114","0.549","2.622","0.318","3.669","0.441","3.050","0.363","2.695","0.305","3.534","0.495","3.654","0.497","1.311","0.178","2.584","0.322","2.658","0.320","3.453","0.412","2.833","0.321"
"145","30","PHARMACEUTICAL PRODUCTS","BARBADOS","1.594","0.230","0.008","0.001","0.410","0.055","2.245","0.295","1.296","0.158","1.909","0.229","3.569","0.417","9.607","1.027","0.366","0.051","1.756","0.235","1.033","0.139","2.381","0.299","2.304","0.278","1.245","0.148","1.659","0.190","1.383","0.194","2.026","0.275","1.036","0.137","1.117","0.135","2.579","0.310","3.429","0.403","3.450","0.383","2.637","0.369","2.905","0.399","2.111","0.281","1.455","0.176","2.810","0.339","1.975","0.227","2.634","0.290","1.303","0.183","0.970","0.133","1.992","0.268","1.180","0.144","1.610","0.194","2.103","0.244","4.060","0.447","1.426","0.207","1.670","0.223","0.708","0.095","2.772","0.348","2.143","0.261","1.329","0.159","2.927","0.340","1.000","0.144","1.035","0.137","0.786","0.107","1.617","0.207","2.157","0.262","1.082","0.130","2.513","0.293","3.835","0.404","0.589","0.079","1.140","0.157","2.199","0.288","0.991","0.120","2.107","0.254","1.305","0.151","3.381","0.364","0.430","0.062","1.913","0.253","1.146","0.156","1.255","0.162","1.578","0.192","1.493","0.179","1.539","0.181","6.364","0.666","0.486","0.068","1.310","0.177","1.622","0.218","1.815","0.222","2.414","0.290","0.734","0.087","2.282","0.257","0.711","0.100","1.634","0.222","1.314","0.175","0.545","0.066","2.529","0.304","1.796","0.214","2.107","0.238","0.229","0.032","1.553","0.211","1.510","0.205","1.615","0.201","1.595","0.192","1.323","0.158","2.519","0.285"
"146","30","PHARMACEUTICAL PRODUCTS","BELIZE","1.575","0.227","0.248","0.033","0.124","0.017","0.480","0.063","0.111","0.013","0.227","0.027","0.281","0.033","1.212","0.130","0.361","0.051","0.208","0.028","0.132","0.018","1.068","0.134","3.448","0.417","0.474","0.056","0.315","0.036","0.527","0.074","0.451","0.061","2.139","0.284","1.764","0.214","0.122","0.015","0.756","0.089","1.783","0.198","0.403","0.056","1.307","0.180","0.482","0.064","0.543","0.066","1.391","0.168","0.390","0.045","0.534","0.059","0.332","0.047","0.960","0.131","0.800","0.107","0.165","0.020","0.453","0.055","0.374","0.043","0.519","0.057","0.275","0.040","1.085","0.145","0.119","0.016","1.836","0.231","2.652","0.323","1.484","0.178","1.538","0.179","0.259","0.037","0.284","0.038","0.101","0.014","0.351","0.045","2.469","0.300","0.703","0.084","1.945","0.226","1.343","0.141","0.338","0.045","2.034","0.279","0.859","0.113","0.447","0.054","0.941","0.113","1.708","0.197","1.139","0.123","1.353","0.194","1.530","0.202","0.108","0.015","0.221","0.029","0.546","0.066","1.359","0.163","0.788","0.093","0.580","0.061","0.099","0.014","0.540","0.073","0.578","0.078","2.608","0.319","0.253","0.030","0.278","0.033","0.205","0.023","0.259","0.036","0.359","0.049","0.168","0.022","0.929","0.113","2.455","0.295","1.889","0.225","0.413","0.047","0.267","0.037","0.120","0.016","0.336","0.046","1.608","0.200","0.810","0.098","1.270","0.151","0.670","0.076"
"147","30","PHARMACEUTICAL PRODUCTS","SYRIA","1.527","0.220","2.013","0.264","4.874","0.654","5.690","0.747","2.187","0.267","47.171","5.656","5.434","0.635","7.050","0.754","4.880","0.686","2.880","0.386","1.725","0.233","0.251","0.032","4.037","0.488","18.237","2.174","11.670","1.333","0.691","0.097","4.502","0.612","0.907","0.120","0.082","0.010","1.003","0.120","0.000","0.000","1.926","0.214","2.859","0.400","4.166","0.573","0.000","0.000","14.469","1.751","1.948","0.235","14.521","1.668","6.179","0.681","3.623","0.508","3.875","0.530","2.872","0.386","1.427","0.174","3.653","0.439","2.755","0.319","32.054","3.530","7.567","1.100","2.329","0.311","0.321","0.043","3.600","0.452","3.659","0.445","0.560","0.067","2.141","0.249","6.129","0.883","0.005","0.001","0.857","0.116","0.904","0.116","1.508","0.183","5.698","0.683","2.421","0.282","0.682","0.072","1.412","0.190","1.998","0.275","17.014","2.232","3.649","0.443","2.032","0.245","1.549","0.179","2.446","0.264","0.224","0.032","3.222","0.426","1.551","0.212","4.599","0.595","8.609","1.045","22.121","2.653","4.572","0.537","7.043","0.737","0.652","0.091","1.268","0.171","0.780","0.105","0.008","0.001","1.140","0.137","0.711","0.084","3.959","0.446","0.929","0.131","2.607","0.355","1.649","0.220","2.450","0.298","4.649","0.559","0.000","0.000","2.836","0.321","12.563","1.761","1.288","0.175","5.377","0.731","22.605","2.817","1.994","0.240","0.177","0.021","3.477","0.394"
"148","30","PHARMACEUTICAL PRODUCTS","FIJI IS","1.504","0.217","1.381","0.181","3.747","0.503","1.684","0.221","3.876","0.473","1.878","0.225","6.909","0.808","7.982","0.853","0.825","0.116","2.152","0.288","4.311","0.581","3.715","0.467","3.857","0.466","1.798","0.214","3.909","0.447","4.058","0.570","2.881","0.392","2.642","0.350","3.489","0.423","1.784","0.214","9.680","1.139","2.495","0.277","0.583","0.082","0.681","0.094","4.372","0.583","3.178","0.385","3.830","0.462","5.895","0.677","10.962","1.208","3.079","0.432","2.797","0.383","1.588","0.213","2.553","0.312","1.385","0.167","3.454","0.400","4.443","0.489","0.622","0.090","5.458","0.728","6.073","0.815","4.182","0.525","5.665","0.690","3.289","0.393","8.883","1.032","0.668","0.096","3.776","0.499","3.066","0.417","3.181","0.407","6.710","0.816","3.107","0.372","8.044","0.936","4.314","0.454","0.446","0.060","4.008","0.551","2.233","0.293","4.712","0.573","3.245","0.391","4.872","0.562","6.281","0.677","1.908","0.273","0.817","0.108","3.124","0.426","3.542","0.458","2.603","0.316","1.264","0.152","3.989","0.468","5.895","0.617","3.560","0.498","2.986","0.402","1.537","0.206","3.087","0.377","3.643","0.437","6.368","0.755","10.510","1.183","0.985","0.139","5.130","0.698","3.317","0.443","4.742","0.576","4.026","0.484","8.298","0.987","3.253","0.368","2.792","0.391","1.860","0.253","2.928","0.398","7.743","0.965","9.163","1.103","2.929","0.350","2.163","0.245"
"149","30","PHARMACEUTICAL PRODUCTS","AZERBAIJAN","1.417","0.204","0.123","0.016","2.307","0.310","4.073","0.535","2.338","0.285","4.215","0.505","9.742","1.139","7.087","0.758","3.760","0.529","12.517","1.676","3.690","0.497","5.446","0.685","9.963","1.203","5.657","0.674","6.021","0.688","5.545","0.779","21.718","2.951","6.804","0.903","4.677","0.567","6.360","0.764","5.362","0.631","20.433","2.268","1.014","0.142","5.047","0.694","8.269","1.103","1.876","0.227","5.205","0.627","16.964","1.949","7.739","0.853","3.280","0.460","6.217","0.850","5.822","0.782","6.370","0.778","7.747","0.932","3.713","0.430","8.600","0.947","2.463","0.358","12.521","1.670","0.821","0.110","2.292","0.288","2.530","0.308","7.835","0.937","7.376","0.857","2.895","0.417","5.001","0.660","3.228","0.439","6.238","0.799","2.769","0.337","6.877","0.824","8.102","0.943","17.812","1.876","2.295","0.309","1.476","0.203","8.945","1.173","7.270","0.883","3.428","0.413","13.688","1.580","13.276","1.431","3.353","0.481","4.232","0.559","8.353","1.140","4.573","0.591","3.700","0.449","2.720","0.326","5.631","0.661","9.488","0.993","1.511","0.211","6.395","0.862","3.965","0.532","4.815","0.589","7.031","0.844","3.899","0.462","5.429","0.611","2.447","0.344","10.261","1.397","5.972","0.797","10.971","1.332","3.386","0.407","4.013","0.478","6.963","0.788","4.152","0.582","15.788","2.149","6.716","0.913","5.033","0.627","7.738","0.932","8.324","0.993","4.247","0.481"
"150","30","PHARMACEUTICAL PRODUCTS","KUWAIT","1.239","0.178","0.947","0.124","1.024","0.137","1.980","0.260","4.993","0.609","3.399","0.408","7.154","0.836","4.332","0.463","2.293","0.322","2.210","0.296","2.772","0.374","1.524","0.192","10.626","1.284","7.969","0.950","20.211","2.309","2.535","0.356","3.672","0.499","4.218","0.560","5.593","0.678","4.609","0.553","11.035","1.298","11.951","1.327","1.408","0.197","2.585","0.355","6.221","0.829","4.013","0.486","6.235","0.751","3.888","0.447","7.103","0.783","1.237","0.173","4.579","0.626","4.598","0.618","8.855","1.081","6.104","0.734","9.552","1.107","10.234","1.127","1.450","0.211","2.239","0.299","1.357","0.182","3.739","0.470","4.382","0.533","7.392","0.884","11.218","1.303","2.009","0.289","3.292","0.435","3.763","0.512","2.734","0.350","2.945","0.358","9.119","1.092","3.574","0.416","9.053","0.953","1.437","0.193","2.388","0.328","1.756","0.230","5.981","0.727","7.609","0.917","13.683","1.579","1.650","0.178","5.093","0.730","3.253","0.430","3.224","0.440","4.729","0.612","4.260","0.517","8.242","0.988","3.706","0.435","13.185","1.379","4.402","0.616","1.631","0.220","3.118","0.419","9.453","1.155","2.238","0.269","8.117","0.962","4.811","0.542","1.533","0.216","2.575","0.351","3.462","0.462","4.611","0.560","7.434","0.893","14.345","1.707","10.422","1.179","14.544","2.039","5.380","0.732","1.763","0.240","2.557","0.319","7.944","0.957","2.807","0.335","6.306","0.714"
"151","30","PHARMACEUTICAL PRODUCTS","BAHAMAS","1.109","0.160","0.096","0.013","0.610","0.082","0.286","0.038","1.283","0.156","0.401","0.048","0.674","0.079","3.680","0.393","0.334","0.047","1.045","0.140","0.279","0.038","0.431","0.054","1.040","0.126","1.802","0.215","0.833","0.095","1.685","0.237","0.553","0.075","0.431","0.057","0.676","0.082","0.606","0.073","0.699","0.082","1.850","0.205","0.577","0.081","0.519","0.071","0.254","0.034","1.681","0.203","0.519","0.063","1.087","0.125","1.301","0.143","0.255","0.036","0.280","0.038","0.422","0.057","1.704","0.208","0.824","0.099","1.472","0.171","0.660","0.073","0.483","0.070","0.217","0.029","0.712","0.096","0.636","0.080","0.727","0.088","0.258","0.031","1.360","0.158","1.371","0.197","1.068","0.141","1.164","0.158","0.391","0.050","0.660","0.080","1.212","0.145","1.781","0.207","3.038","0.320","0.249","0.034","0.921","0.127","1.328","0.174","0.700","0.085","0.416","0.050","1.154","0.133","0.754","0.081","0.393","0.056","0.576","0.076","0.197","0.027","0.808","0.104","1.227","0.149","0.402","0.048","1.636","0.192","1.623","0.170","0.714","0.100","1.251","0.169","4.112","0.552","0.626","0.077","0.634","0.076","0.790","0.094","0.835","0.094","0.303","0.043","0.741","0.101","2.745","0.366","0.583","0.071","1.595","0.192","0.701","0.083","0.728","0.082","0.418","0.059","3.520","0.479","5.355","0.728","0.383","0.048","1.198","0.144","0.588","0.070","1.585","0.179"
"152","30","PHARMACEUTICAL PRODUCTS","CAYMAN IS","1.036","0.149","0.520","0.068","1.692","0.227","0.888","0.117","1.833","0.224","1.963","0.235","4.136","0.483","6.541","0.699","1.332","0.187","0.659","0.088","1.204","0.162","1.912","0.240","2.306","0.279","1.785","0.213","3.803","0.435","1.572","0.221","1.511","0.205","1.648","0.219","1.085","0.132","1.967","0.236","3.652","0.430","4.057","0.450","1.435","0.201","1.109","0.152","1.618","0.216","1.472","0.178","1.911","0.230","2.947","0.338","4.865","0.536","1.437","0.201","0.509","0.070","1.311","0.176","0.745","0.091","1.664","0.200","2.097","0.243","6.302","0.694","1.277","0.186","0.781","0.104","1.090","0.146","1.847","0.232","2.054","0.250","1.803","0.216","3.765","0.437","1.632","0.235","0.484","0.064","2.097","0.285","1.095","0.140","2.178","0.265","1.776","0.213","2.847","0.331","6.561","0.691","1.572","0.211","1.587","0.218","1.480","0.194","1.962","0.238","2.969","0.358","4.914","0.567","6.787","0.732","1.106","0.159","0.868","0.115","1.425","0.194","1.416","0.183","1.917","0.233","2.038","0.244","3.555","0.417","4.494","0.470","0.885","0.124","1.236","0.166","0.750","0.101","1.729","0.211","1.747","0.210","2.399","0.284","5.559","0.626","1.721","0.242","1.338","0.182","0.902","0.120","1.936","0.235","2.114","0.254","2.566","0.305","3.788","0.428","1.593","0.223","0.732","0.100","1.241","0.169","1.726","0.215","1.518","0.183","2.371","0.283","4.643","0.526"
"153","30","PHARMACEUTICAL PRODUCTS","SEYCHELLES","1.026","0.148","2.175","0.285","1.888","0.253","2.375","0.312","4.267","0.520","3.214","0.385","2.129","0.249","2.791","0.298","2.672","0.376","2.824","0.378","1.775","0.239","2.718","0.342","3.823","0.462","3.045","0.363","2.911","0.333","2.161","0.304","1.551","0.211","1.828","0.243","3.890","0.472","2.374","0.285","2.336","0.275","4.459","0.495","1.861","0.260","1.451","0.199","1.781","0.237","2.808","0.340","2.275","0.274","1.799","0.207","1.939","0.214","1.096","0.154","1.858","0.254","2.413","0.324","2.665","0.325","4.046","0.487","2.883","0.334","1.885","0.208","1.463","0.213","1.147","0.153","2.265","0.304","1.986","0.249","1.659","0.202","2.429","0.291","2.678","0.311","1.296","0.187","2.561","0.338","1.928","0.262","4.170","0.534","3.345","0.407","1.868","0.224","3.375","0.393","2.876","0.303","1.281","0.172","2.009","0.276","2.252","0.295","3.067","0.373","2.845","0.343","2.899","0.335","3.906","0.421","1.481","0.212","2.619","0.346","1.528","0.209","2.878","0.372","1.875","0.228","2.364","0.283","5.510","0.647","3.699","0.387","1.344","0.188","1.727","0.233","1.801","0.242","3.037","0.371","2.472","0.297","3.106","0.368","4.655","0.524","1.093","0.154","1.971","0.268","1.233","0.165","1.943","0.236","1.679","0.202","3.569","0.425","1.674","0.189","1.468","0.206","2.240","0.305","1.914","0.260","2.384","0.297","2.797","0.337","2.202","0.263","2.523","0.286"
"154","30","PHARMACEUTICAL PRODUCTS","MAURITANIA","0.992","0.143","0.556","0.073","2.897","0.389","14.769","1.939","4.414","0.538","5.994","0.719","8.558","1.000","7.552","0.807","2.610","0.367","1.389","0.186","3.152","0.425","10.430","1.311","4.762","0.575","9.149","1.091","9.348","1.068","1.601","0.225","2.374","0.323","10.585","1.404","11.324","1.373","5.040","0.605","3.898","0.459","9.541","1.059","3.588","0.502","5.122","0.704","8.856","1.181","4.174","0.505","7.241","0.873","3.777","0.434","14.251","1.571","3.135","0.440","5.155","0.705","7.548","1.014","8.615","1.052","8.935","1.075","11.842","1.373","6.734","0.742","2.248","0.327","2.535","0.338","7.216","0.968","9.603","1.206","7.656","0.932","9.060","1.084","14.581","1.693","1.711","0.246","4.398","0.581","3.913","0.532","7.517","0.963","4.465","0.543","2.652","0.318","11.268","1.312","9.656","1.017","0.221","0.030","5.537","0.761","8.977","1.177","9.761","1.186","8.906","1.073","10.398","1.200","7.737","0.834","4.647","0.666","0.565","0.075","4.293","0.586","9.488","1.227","6.093","0.740","9.910","1.188","4.910","0.576","5.359","0.561","1.372","0.192","2.170","0.292","5.306","0.712","4.289","0.524","8.422","1.011","6.444","0.764","7.481","0.842","2.409","0.339","2.761","0.376","5.664","0.756","4.906","0.596","6.465","0.777","9.969","1.186","6.231","0.705","4.599","0.645","7.367","1.003","5.556","0.755","2.436","0.304","4.579","0.551","7.477","0.892","6.049","0.685"
"155","30","PHARMACEUTICAL PRODUCTS","ROMANIA","0.972","0.140","9.981","1.309","19.430","2.609","11.780","1.547","11.599","1.414","17.282","2.072","25.886","3.025","29.236","3.125","6.195","0.871","2.729","0.365","5.470","0.737","3.363","0.423","5.875","0.710","20.607","2.456","12.447","1.422","8.704","1.223","12.091","1.643","9.111","1.209","10.044","1.218","10.430","1.252","30.833","3.628","23.400","2.597","6.836","0.956","18.479","2.540","1.510","0.201","19.926","2.412","15.664","1.888","18.632","2.140","18.612","2.051","0.868","0.122","17.295","2.366","8.698","1.168","9.810","1.198","25.651","3.086","29.566","3.427","18.545","2.042","6.139","0.892","5.814","0.775","17.022","2.284","6.628","0.833","17.481","2.128","15.599","1.866","17.702","2.056","4.947","0.712","3.865","0.510","7.974","1.084","11.656","1.493","11.706","1.424","13.940","1.670","10.001","1.164","21.102","2.222","1.077","0.145","6.370","0.875","9.863","1.294","13.507","1.641","14.784","1.781","15.478","1.787","10.292","1.110","5.425","0.778","3.315","0.438","4.873","0.665","4.188","0.542","11.701","1.421","13.375","1.604","16.841","1.977","15.197","1.590","5.411","0.757","5.220","0.703","8.534","1.146","17.721","2.166","23.403","2.810","39.951","4.736","12.282","1.383","4.235","0.596","13.472","1.834","11.971","1.598","5.430","0.659","11.546","1.387","49.011","5.833","17.666","1.998","2.346","0.329","4.197","0.571","5.185","0.705","9.368","1.168","14.676","1.767","27.588","3.292","20.458","2.316"
"156","30","PHARMACEUTICAL PRODUCTS","NETHERLANDANTIL","0.898","0.129","0.548","0.072","1.723","0.231","1.821","0.239","0.722","0.088","0.701","0.084","0.244","0.029","7.104","0.759","1.720","0.242","1.729","0.231","1.941","0.262","2.133","0.268","1.090","0.132","2.403","0.286","0.741","0.085","1.369","0.192","1.183","0.161","1.153","0.153","1.451","0.176","1.807","0.217","1.419","0.167","1.256","0.139","0.828","0.116","1.819","0.250","0.970","0.129","2.921","0.354","1.557","0.188","5.320","0.611","0.794","0.088","2.618","0.367","3.202","0.438","1.004","0.135","0.920","0.112","2.554","0.307","1.667","0.193","1.889","0.208","1.103","0.160","2.135","0.285","0.739","0.099","1.597","0.201","1.739","0.212","1.112","0.133","1.771","0.206","1.876","0.270","1.493","0.197","0.973","0.132","2.224","0.285","2.390","0.291","2.282","0.273","1.386","0.161","1.757","0.185","1.628","0.219","0.875","0.120","1.177","0.154","2.486","0.302","1.939","0.234","1.480","0.171","1.068","0.115","2.585","0.371","1.304","0.172","0.900","0.123","1.584","0.205","1.330","0.162","2.591","0.311","5.190","0.609","2.533","0.265","1.360","0.190","1.432","0.193","1.601","0.215","3.019","0.369","1.801","0.216","0.850","0.101","4.733","0.533","1.270","0.179","1.036","0.141","0.530","0.071","2.439","0.296","2.749","0.330","2.281","0.271","2.043","0.231","2.374","0.333","1.557","0.212","2.042","0.278","1.019","0.127","2.000","0.241","3.122","0.373","1.446","0.164"
"157","30","PHARMACEUTICAL PRODUCTS","KOREA DP RP","0.893","0.129","0.144","0.019","0.000","0.000","0.000","0.000","0.000","0.000","0.000","0.000","0.000","0.000","7.635","0.816","6.446","0.906","2.522","0.338","0.000","0.000","0.000","0.000","0.000","0.000","2.187","0.261","0.000","0.000","1.242","0.174","0.000","0.000","0.000","0.000","0.000","0.000","0.000","0.000","0.000","0.000","0.000","0.000","0.782","0.109","0.000","0.000","0.000","0.000","0.000","0.000","0.000","0.000","0.000","0.000","0.000","0.000","0.061","0.008","0.056","0.008","0.000","0.000","0.000","0.000","0.000","0.000","0.000","0.000","0.000","0.000","0.274","0.040","1.559","0.208","0.000","0.000","0.000","0.000","0.000","0.000","0.000","0.000","0.000","0.000","0.000","0.000","0.387","0.051","0.000","0.000","0.000","0.000","0.000","0.000","0.000","0.000","0.000","0.000","0.000","0.000","0.500","0.067","0.000","0.000","0.000","0.000","0.000","0.000","0.000","0.000","6.843","0.790","5.300","0.571","3.638","0.521","4.127","0.545","0.000","0.000","0.221","0.029","0.000","0.000","0.000","0.000","10.745","1.261","1.430","0.150","0.671","0.094","0.883","0.119","0.000","0.000","0.000","0.000","0.000","0.000","0.000","0.000","16.752","1.886","2.537","0.357","0.000","0.000","0.000","0.000","0.000","0.000","0.000","0.000","0.000","0.000","0.000","0.000","0.045","0.006","1.192","0.162","0.000","0.000","0.000","0.000","0.393","0.047","0.000","0.000","3.019","0.342"
"158","30","PHARMACEUTICAL PRODUCTS","GUINEA BISSAU","0.791","0.114","0.000","0.000","5.497","0.738","1.960","0.257","0.204","0.025","0.623","0.075","0.606","0.071","0.767","0.082","1.983","0.279","1.063","0.142","0.126","0.017","1.185","0.149","0.087","0.011","0.000","0.000","1.432","0.164","2.002","0.281","1.534","0.208","0.368","0.049","1.880","0.228","1.486","0.178","1.804","0.212","1.360","0.151","0.534","0.075","0.691","0.095","1.256","0.167","0.988","0.120","2.026","0.244","2.052","0.236","2.146","0.237","0.647","0.091","0.656","0.090","0.617","0.083","1.693","0.207","0.348","0.042","0.782","0.091","0.992","0.109","0.021","0.003","0.678","0.090","10.978","1.473","0.494","0.062","2.089","0.254","1.752","0.210","0.093","0.011","0.193","0.028","1.831","0.242","1.593","0.217","0.993","0.127","0.927","0.113","4.878","0.584","8.430","0.981","0.423","0.045","0.238","0.032","0.032","0.004","0.893","0.117","1.344","0.163","1.795","0.216","3.329","0.384","0.910","0.098","1.561","0.224","2.270","0.300","0.825","0.113","1.915","0.248","2.765","0.336","3.593","0.431","3.454","0.405","1.417","0.148","6.502","0.910","3.327","0.448","0.006","0.001","2.461","0.301","0.683","0.082","0.717","0.085","1.192","0.134","0.329","0.046","0.596","0.081","4.421","0.590","0.602","0.073","3.971","0.477","0.987","0.118","1.170","0.132","2.613","0.366","1.228","0.167","0.419","0.057","0.825","0.103","0.874","0.105","10.248","1.223","1.062","0.120"
"159","30","PHARMACEUTICAL PRODUCTS","CYPRUS","0.732","0.105","9.865","1.294","2.001","0.269","7.150","0.939","2.820","0.344","4.050","0.486","4.125","0.482","9.043","0.967","0.837","0.118","7.770","1.040","0.035","0.005","1.755","0.221","0.274","0.033","4.500","0.536","1.989","0.227","5.942","0.835","8.740","1.188","6.277","0.833","5.387","0.653","7.073","0.849","0.810","0.095","2.854","0.317","7.182","1.005","7.690","1.057","6.237","0.832","4.167","0.504","1.165","0.140","0.420","0.048","3.598","0.397","1.532","0.215","4.458","0.610","2.577","0.346","3.347","0.409","1.687","0.203","8.356","0.969","8.117","0.894","1.338","0.194","11.150","1.487","3.025","0.406","0.458","0.058","6.169","0.751","3.650","0.437","2.601","0.302","0.574","0.083","6.747","0.891","5.078","0.690","4.926","0.631","5.596","0.680","5.355","0.642","0.101","0.012","4.555","0.480","3.607","0.485","9.903","1.360","1.218","0.160","11.024","1.340","16.126","1.943","8.764","1.012","7.163","0.772","0.986","0.141","3.927","0.519","5.972","0.815","0.154","0.020","6.692","0.813","3.118","0.374","1.244","0.146","4.973","0.520","7.030","0.984","5.083","0.685","0.203","0.027","6.674","0.816","3.003","0.360","0.528","0.063","1.487","0.167","1.365","0.192","7.846","1.068","15.332","2.047","5.878","0.714","1.912","0.230","5.294","0.630","15.068","1.704","2.329","0.327","6.206","0.845","1.538","0.209","5.944","0.741","7.739","0.932","3.821","0.456","1.727","0.196"
"160","30","PHARMACEUTICAL PRODUCTS","MACEDONIA","0.698","0.100","1.786","0.234","0.543","0.073","3.828","0.503","1.285","0.157","6.973","0.836","1.288","0.151","0.402","0.043","0.643","0.090","0.155","0.021","4.457","0.601","0.662","0.083","1.204","0.145","4.190","0.499","14.288","1.633","2.550","0.358","3.592","0.488","1.761","0.234","2.767","0.336","1.751","0.210","3.186","0.375","1.513","0.168","2.662","0.372","0.867","0.119","2.304","0.307","2.780","0.336","1.706","0.206","5.548","0.637","1.293","0.142","0.886","0.124","2.186","0.299","1.678","0.225","1.396","0.171","3.091","0.372","1.792","0.208","3.067","0.338","1.988","0.289","1.871","0.249","1.079","0.145","1.517","0.191","2.470","0.301","1.273","0.152","20.564","2.388","2.776","0.400","0.681","0.090","1.693","0.230","3.115","0.399","3.535","0.430","3.702","0.444","0.996","0.116","0.487","0.051","1.123","0.151","1.782","0.245","0.282","0.037","0.446","0.054","2.970","0.358","1.244","0.144","0.766","0.083","0.455","0.065","1.330","0.176","2.912","0.398","0.760","0.098","5.100","0.619","3.253","0.390","2.283","0.268","0.246","0.026","2.768","0.387","2.359","0.318","2.085","0.280","1.914","0.234","4.214","0.506","3.618","0.429","1.635","0.184","2.583","0.364","4.156","0.566","0.357","0.048","3.544","0.430","5.677","0.682","8.522","1.014","0.644","0.073","1.906","0.267","3.365","0.458","3.103","0.422","1.319","0.164","1.291","0.155","6.196","0.739","0.347","0.039"
"161","30","PHARMACEUTICAL PRODUCTS","ST LUCIA","0.628","0.090","0.000","0.000","0.273","0.037","0.596","0.078","1.254","0.153","0.808","0.097","0.891","0.104","1.950","0.208","0.472","0.066","0.393","0.053","0.452","0.061","0.724","0.091","1.333","0.161","1.066","0.127","0.740","0.085","0.905","0.127","0.748","0.102","0.597","0.079","0.564","0.068","0.748","0.090","1.820","0.214","1.314","0.146","0.591","0.083","1.017","0.140","0.553","0.074","0.831","0.101","1.008","0.121","1.396","0.160","1.827","0.201","0.685","0.096","0.278","0.038","0.438","0.059","0.488","0.060","0.790","0.095","0.826","0.096","2.757","0.304","0.156","0.023","0.525","0.070","0.635","0.085","0.766","0.096","0.644","0.078","1.317","0.158","1.719","0.200","0.507","0.073","0.969","0.128","0.604","0.082","0.862","0.110","1.138","0.138","1.181","0.141","1.269","0.148","2.673","0.281","0.377","0.051","0.783","0.108","1.501","0.197","1.071","0.130","1.102","0.133","2.664","0.307","0.989","0.107","0.308","0.044","0.193","0.025","0.647","0.088","0.701","0.091","1.007","0.122","0.964","0.116","0.905","0.106","2.257","0.236","0.645","0.090","0.651","0.088","0.370","0.050","1.375","0.168","1.118","0.134","1.043","0.124","3.039","0.342","0.396","0.056","0.455","0.062","0.921","0.123","1.148","0.139","1.840","0.221","0.945","0.112","0.699","0.079","0.525","0.074","0.487","0.066","0.683","0.093","0.699","0.087","1.018","0.123","1.528","0.182","2.082","0.236"
"162","30","PHARMACEUTICAL PRODUCTS","TIMOR LESTE","0.605","0.087","0.361","0.047","0.134","0.018","1.429","0.188","0.240","0.029","0.441","0.053","1.977","0.231","0.514","0.055","2.050","0.288","0.681","0.091","1.545","0.208","1.976","0.248","2.715","0.328","2.561","0.305","4.499","0.514","0.449","0.063","0.502","0.068","0.325","0.043","1.263","0.153","0.080","0.010","0.340","0.040","0.295","0.033","0.717","0.100","0.000","0.000","0.023","0.003","1.204","0.146","0.039","0.005","0.457","0.052","0.228","0.025","0.296","0.042","0.004","0.001","0.004","0.001","1.539","0.188","0.042","0.005","0.650","0.075","1.401","0.154","0.669","0.097","0.231","0.031","0.351","0.047","2.055","0.258","2.114","0.257","2.150","0.257","2.220","0.258","1.155","0.166","0.637","0.084","0.479","0.065","2.049","0.262","2.788","0.339","0.457","0.055","1.166","0.136","0.638","0.067","1.791","0.241","3.175","0.436","1.805","0.237","0.438","0.053","0.558","0.067","1.529","0.177","0.894","0.096","0.882","0.126","0.222","0.029","0.864","0.118","1.365","0.177","2.192","0.266","1.573","0.189","0.206","0.024","1.595","0.167","0.494","0.069","1.246","0.168","0.044","0.006","6.411","0.784","0.010","0.001","1.264","0.150","1.613","0.182","0.078","0.011","0.929","0.127","0.375","0.050","3.933","0.478","0.780","0.094","0.209","0.025","3.871","0.438","0.152","0.021","1.712","0.233","1.481","0.201","2.695","0.336","0.691","0.083","0.644","0.077","1.508","0.171"
"163","30","PHARMACEUTICAL PRODUCTS","SOLOMON IS","0.550","0.079","0.000","0.000","0.000","0.000","0.146","0.019","0.715","0.087","0.021","0.003","1.059","0.124","1.617","0.173","0.429","0.060","0.792","0.106","0.214","0.029","0.411","0.052","0.130","0.016","0.528","0.063","1.576","0.180","0.266","0.037","0.104","0.014","0.573","0.076","0.595","0.072","0.084","0.010","0.060","0.007","0.374","0.041","1.307","0.183","0.370","0.051","0.059","0.008","2.251","0.273","0.147","0.018","0.032","0.004","0.443","0.049","0.446","0.062","0.130","0.018","0.412","0.055","0.147","0.018","0.270","0.032","0.248","0.029","1.144","0.126","0.227","0.033","0.021","0.003","0.171","0.023","1.781","0.224","1.140","0.139","1.193","0.143","1.970","0.229","0.215","0.031","0.293","0.039","0.699","0.095","1.044","0.134","0.553","0.067","0.156","0.019","1.204","0.140","0.477","0.050","0.000","0.000","0.739","0.101","0.518","0.068","0.068","0.008","0.841","0.101","0.149","0.017","1.504","0.162","1.054","0.151","0.142","0.019","0.696","0.095","3.509","0.454","3.349","0.407","5.682","0.681","0.220","0.026","4.090","0.428","0.068","0.010","0.282","0.038","0.391","0.053","0.404","0.049","0.371","0.045","0.301","0.036","0.243","0.027","0.100","0.014","0.153","0.021","0.794","0.106","0.776","0.094","1.121","0.135","0.933","0.111","1.204","0.136","0.253","0.036","0.993","0.135","0.572","0.078","0.111","0.014","0.240","0.029","0.420","0.050","1.914","0.217"
"164","30","PHARMACEUTICAL PRODUCTS","MONTENEGRO","0.443","0.064","0.000","0.000","0.000","0.000","0.000","0.000","0.000","0.000","0.000","0.000","0.000","0.000","0.000","0.000","0.646","0.091","0.083","0.011","0.035","0.005","0.010","0.001","0.000","0.000","0.000","0.000","0.023","0.003","0.577","0.081","0.000","0.000","0.000","0.000","0.000","0.000","0.036","0.004","0.000","0.000","0.000","0.000","0.000","0.000","0.000","0.000","0.001","0.000","0.949","0.115","0.048","0.006","11.091","1.274","0.060","0.007","0.681","0.095","0.000","0.000","0.009","0.001","0.029","0.004","0.031","0.004","0.000","0.000","0.000","0.000","0.000","0.000","1.453","0.194","1.694","0.227","0.020","0.003","0.000","0.000","0.000","0.000","0.078","0.009","0.018","0.003","1.223","0.162","0.000","0.000","0.037","0.005","0.000","0.000","0.008","0.001","0.000","0.000","0.000","0.000","0.831","0.112","0.125","0.017","0.000","0.000","0.562","0.068","0.000","0.000","0.005","0.001","0.018","0.002","0.496","0.071","0.000","0.000","0.059","0.008","0.000","0.000","0.026","0.003","0.002","0.000","0.000","0.000","0.000","0.000","0.129","0.018","0.038","0.005","0.018","0.002","0.000","0.000","0.642","0.077","0.000","0.000","0.000","0.000","0.603","0.085","0.077","0.011","0.000","0.000","0.000","0.000","0.025","0.003","4.337","0.516","0.000","0.000","0.000","0.000","1.452","0.198","0.000","0.000","0.010","0.001","0.000","0.000","5.032","0.600","0.000","0.000"
"165","30","PHARMACEUTICAL PRODUCTS","ST VINCENT","0.349","0.050","0.001","0.000","0.336","0.045","0.199","0.026","0.072","0.009","0.521","0.062","0.453","0.053","1.148","0.123","0.178","0.025","0.128","0.017","0.015","0.002","0.229","0.029","0.348","0.042","0.371","0.044","0.925","0.106","0.409","0.057","0.090","0.012","0.099","0.013","0.510","0.062","0.411","0.049","0.446","0.052","0.439","0.049","0.109","0.015","0.919","0.126","0.115","0.015","0.042","0.005","0.336","0.040","0.347","0.040","0.997","0.110","0.162","0.023","0.063","0.009","0.214","0.029","0.088","0.011","0.237","0.028","0.808","0.094","0.200","0.022","0.060","0.009","0.072","0.010","0.149","0.020","0.096","0.012","0.057","0.007","0.346","0.041","0.420","0.049","0.089","0.013","0.483","0.064","0.005","0.001","0.150","0.019","0.231","0.028","0.378","0.045","0.360","0.042","0.669","0.070","0.180","0.024","0.440","0.061","0.652","0.085","0.202","0.025","0.183","0.022","0.190","0.022","0.211","0.023","0.072","0.010","0.000","0.000","0.097","0.013","0.172","0.022","0.500","0.061","0.537","0.064","0.285","0.033","0.468","0.049","0.200","0.028","0.146","0.020","0.104","0.014","0.077","0.009","0.140","0.017","0.128","0.015","0.373","0.042","0.044","0.006","0.071","0.010","0.502","0.067","0.236","0.029","0.326","0.039","0.518","0.062","0.792","0.090","0.059","0.008","0.043","0.006","0.179","0.024","0.121","0.015","0.927","0.112","0.324","0.039","0.455","0.051"
"166","30","PHARMACEUTICAL PRODUCTS","SURINAME","0.252","0.036","0.080","0.010","0.032","0.004","1.082","0.142","2.473","0.302","2.825","0.339","4.572","0.534","2.602","0.278","0.762","0.107","0.411","0.055","0.360","0.049","1.106","0.139","0.940","0.114","0.473","0.056","1.818","0.208","17.370","2.440","0.000","0.000","0.742","0.098","0.805","0.098","1.810","0.217","0.591","0.069","1.794","0.199","1.468","0.205","1.113","0.153","0.052","0.007","1.721","0.208","1.791","0.216","3.233","0.371","1.165","0.128","0.368","0.052","0.165","0.023","0.858","0.115","0.824","0.101","2.852","0.343","2.733","0.317","2.177","0.240","0.227","0.033","0.289","0.039","0.194","0.026","1.193","0.150","1.484","0.181","0.250","0.030","2.200","0.255","0.366","0.053","0.888","0.117","0.206","0.028","0.592","0.076","1.148","0.140","1.469","0.176","2.767","0.322","1.956","0.206","1.140","0.153","0.701","0.096","1.773","0.233","0.528","0.064","0.387","0.047","1.795","0.207","4.790","0.516","0.443","0.064","0.072","0.010","2.314","0.316","0.674","0.087","1.195","0.145","2.765","0.332","1.066","0.125","5.258","0.550","0.342","0.048","1.069","0.144","0.739","0.099","0.707","0.086","1.151","0.138","2.517","0.298","1.200","0.135","0.314","0.044","0.303","0.041","0.500","0.067","0.103","0.012","0.572","0.069","0.602","0.072","1.078","0.122","0.509","0.071","0.922","0.125","0.528","0.072","0.812","0.101","0.643","0.077","2.457","0.293","0.529","0.060"
"167","30","PHARMACEUTICAL PRODUCTS","BOSNIA-HRZGOVIN","0.249","0.036","0.000","0.000","0.969","0.130","1.127","0.148","3.849","0.469","0.868","0.104","1.304","0.152","0.359","0.038","1.105","0.155","0.289","0.039","0.999","0.135","2.190","0.275","0.915","0.111","0.739","0.088","2.519","0.288","1.084","0.152","0.801","0.109","1.206","0.160","1.767","0.214","2.184","0.262","1.611","0.190","2.478","0.275","0.106","0.015","0.080","0.011","0.881","0.117","2.510","0.304","2.294","0.277","0.752","0.086","3.058","0.337","0.126","0.018","0.373","0.051","1.442","0.194","0.754","0.092","2.054","0.247","0.246","0.029","0.480","0.053","0.683","0.099","0.265","0.035","1.271","0.171","1.093","0.137","2.024","0.246","1.816","0.217","1.734","0.201","0.165","0.024","0.200","0.026","0.651","0.089","0.782","0.100","0.406","0.049","2.415","0.289","5.627","0.655","3.820","0.402","0.130","0.017","0.023","0.003","1.717","0.225","1.647","0.200","3.196","0.385","2.795","0.323","2.799","0.302","0.332","0.048","0.109","0.014","0.324","0.044","1.705","0.221","0.484","0.059","1.932","0.232","0.919","0.108","2.480","0.259","0.125","0.017","0.586","0.079","0.278","0.037","0.796","0.097","1.192","0.143","2.492","0.295","0.398","0.045","0.810","0.114","1.125","0.153","1.280","0.171","0.626","0.076","0.312","0.038","2.188","0.260","1.519","0.172","0.193","0.027","0.402","0.055","2.313","0.314","0.088","0.011","0.407","0.049","2.016","0.241","1.711","0.194"
"168","30","PHARMACEUTICAL PRODUCTS","SOUTH SUDAN","0.195","0.028","0.573","0.075","3.998","0.537","1.241","0.163","1.751","0.213","1.274","0.153","3.974","0.464","6.861","0.733","0.022","0.003","2.337","0.313","0.816","0.110","0.000","0.000","2.696","0.326","3.635","0.433","2.246","0.257","1.773","0.249","0.018","0.002","5.718","0.759","2.410","0.292","4.534","0.544","2.644","0.311","5.865","0.651","1.830","0.256","0.935","0.129","2.462","0.328","1.027","0.124","8.925","1.076","2.039","0.234","15.192","1.674","0.000","0.000","1.424","0.195","11.337","1.523","0.315","0.038","3.614","0.435","18.091","2.097","8.038","0.885","0.065","0.009","1.317","0.176","2.481","0.333","6.700","0.842","4.276","0.520","0.843","0.101","2.093","0.243","0.095","0.014","1.580","0.209","3.020","0.411","0.964","0.124","13.186","1.603","0.289","0.035","1.870","0.218","5.897","0.621","0.129","0.017","2.981","0.410","2.151","0.282","0.352","0.043","3.609","0.435","1.429","0.165","6.613","0.713","0.812","0.116","2.257","0.298","14.910","2.035","2.321","0.300","2.807","0.341","2.189","0.263","2.017","0.237","14.339","1.500","1.399","0.196","6.037","0.813","0.004","0.001","0.853","0.104","2.108","0.253","9.125","1.082","4.771","0.537","2.714","0.382","3.080","0.419","4.028","0.538","4.336","0.527","10.769","1.294","3.127","0.372","2.709","0.306","2.372","0.333","5.624","0.765","0.771","0.105","2.696","0.336","6.422","0.773","5.863","0.700","2.020","0.229"
"169","30","PHARMACEUTICAL PRODUCTS","NORWAY","0.190","0.027","0.000","0.000","0.115","0.015","0.082","0.011","0.137","0.017","0.088","0.011","0.000","0.000","0.094","0.010","0.001","0.000","0.080","0.011","0.044","0.006","0.000","0.000","0.001","0.000","0.308","0.037","0.168","0.019","0.032","0.004","0.283","0.038","0.279","0.037","0.125","0.015","0.114","0.014","0.045","0.005","0.229","0.025","0.985","0.138","0.122","0.017","0.031","0.004","0.000","0.000","0.000","0.000","0.040","0.005","0.066","0.007","0.066","0.009","0.091","0.012","0.007","0.001","0.200","0.024","0.026","0.003","0.044","0.005","0.159","0.018","0.032","0.005","0.112","0.015","0.169","0.023","0.151","0.019","0.059","0.007","0.160","0.019","0.161","0.019","0.003","0.000","0.123","0.016","0.249","0.034","0.002","0.000","0.117","0.014","0.191","0.023","0.394","0.046","0.078","0.008","0.068","0.009","0.380","0.052","0.000","0.000","0.147","0.018","0.005","0.001","0.232","0.027","0.006","0.001","0.050","0.007","0.091","0.012","0.086","0.012","0.189","0.024","0.000","0.000","0.099","0.012","0.111","0.013","0.359","0.038","0.077","0.011","0.093","0.013","0.190","0.025","0.138","0.017","0.190","0.023","0.134","0.016","0.034","0.004","0.066","0.009","0.103","0.014","0.061","0.008","0.269","0.033","0.001","0.000","0.089","0.011","0.191","0.022","0.062","0.009","0.099","0.014","0.100","0.014","0.048","0.006","0.081","0.010","0.053","0.006","0.071","0.008"
"170","30","PHARMACEUTICAL PRODUCTS","BRUNEI","0.159","0.023","0.002","0.000","0.020","0.003","0.045","0.006","0.411","0.050","0.012","0.001","0.039","0.005","0.176","0.019","0.016","0.002","0.151","0.020","0.091","0.012","0.110","0.014","0.723","0.087","0.532","0.063","0.020","0.002","0.000","0.000","0.225","0.031","0.157","0.021","0.031","0.004","0.051","0.006","0.193","0.023","0.134","0.015","0.217","0.030","0.027","0.004","0.645","0.086","0.230","0.028","0.787","0.095","0.204","0.023","0.059","0.006","0.384","0.054","0.076","0.010","0.033","0.004","0.495","0.060","0.075","0.009","0.184","0.021","0.884","0.097","0.010","0.001","0.209","0.028","1.060","0.142","0.112","0.014","0.298","0.036","0.169","0.020","0.063","0.007","0.430","0.062","0.220","0.029","0.002","0.000","0.035","0.005","0.026","0.003","0.566","0.068","0.039","0.005","0.115","0.012","0.205","0.028","0.010","0.001","0.629","0.083","0.337","0.041","0.071","0.009","0.030","0.003","0.183","0.020","0.063","0.009","0.216","0.029","0.235","0.032","0.051","0.007","0.015","0.002","0.078","0.009","0.352","0.041","0.233","0.024","0.099","0.014","0.022","0.003","0.502","0.067","0.286","0.035","0.078","0.009","0.363","0.043","0.101","0.011","0.036","0.005","0.458","0.062","0.582","0.078","0.129","0.016","0.118","0.014","0.100","0.012","0.053","0.006","0.000","0.000","0.947","0.129","0.487","0.066","0.019","0.002","0.127","0.015","0.259","0.031","0.131","0.015"
"171","30","PHARMACEUTICAL PRODUCTS","EQUTL GUINEA","0.152","0.022","0.818","0.107","1.043","0.140","2.710","0.356","0.057","0.007","0.484","0.058","0.564","0.066","2.908","0.311","0.007","0.001","0.345","0.046","2.923","0.394","5.795","0.728","2.471","0.298","0.198","0.024","4.978","0.569","0.086","0.012","0.087","0.012","0.526","0.070","1.950","0.236","1.760","0.211","0.591","0.070","2.692","0.299","1.056","0.148","2.299","0.316","0.396","0.053","2.287","0.277","4.335","0.522","0.923","0.106","1.193","0.132","4.303","0.603","0.812","0.111","0.812","0.109","0.096","0.012","1.936","0.233","1.235","0.143","1.588","0.175","0.586","0.085","6.281","0.838","0.808","0.108","1.801","0.226","3.404","0.414","0.872","0.104","1.123","0.130","0.223","0.032","0.934","0.123","0.643","0.087","1.557","0.199","0.967","0.118","0.933","0.112","0.803","0.093","0.317","0.033","0.000","0.000","1.451","0.199","1.908","0.250","1.111","0.135","0.799","0.096","1.528","0.176","1.176","0.127","0.114","0.016","0.199","0.026","0.077","0.010","0.821","0.106","0.412","0.050","2.878","0.345","3.488","0.409","0.947","0.099","0.092","0.013","1.301","0.175","0.351","0.047","0.000","0.000","0.684","0.082","0.343","0.041","1.864","0.210","0.457","0.064","0.286","0.039","1.363","0.182","1.067","0.130","2.474","0.297","2.935","0.349","0.469","0.053","0.577","0.081","0.136","0.019","0.116","0.016","0.590","0.073","2.729","0.329","2.438","0.291","3.374","0.382"
"172","30","PHARMACEUTICAL PRODUCTS","LUXEMBOURG","0.145","0.021","0.000","0.000","0.000","0.000","0.000","0.000","0.000","0.000","0.000","0.000","0.000","0.000","0.088","0.009","0.000","0.000","0.094","0.013","0.000","0.000","0.817","0.103","0.000","0.000","0.764","0.091","0.000","0.000","0.000","0.000","0.000","0.000","0.000","0.000","0.000","0.000","0.000","0.000","0.000","0.000","0.000","0.000","0.509","0.071","0.000","0.000","0.305","0.041","0.000","0.000","0.000","0.000","0.035","0.004","0.046","0.005","0.000","0.000","0.000","0.000","0.000","0.000","0.000","0.000","0.000","0.000","0.024","0.003","0.030","0.003","0.000","0.000","0.000","0.000","0.000","0.000","0.000","0.000","0.000","0.000","0.000","0.000","0.830","0.096","0.000","0.000","0.000","0.000","0.000","0.000","0.000","0.000","0.000","0.000","0.000","0.000","0.000","0.000","0.736","0.077","0.000","0.000","0.000","0.000","0.000","0.000","1.257","0.153","0.000","0.000","0.791","0.091","0.035","0.004","0.000","0.000","0.000","0.000","0.000","0.000","0.000","0.000","0.000","0.000","0.345","0.041","0.000","0.000","0.000","0.000","0.015","0.002","0.000","0.000","0.000","0.000","0.000","0.000","0.000","0.000","0.055","0.006","0.000","0.000","0.000","0.000","0.000","0.000","0.452","0.060","0.000","0.000","0.000","0.000","0.041","0.005","0.000","0.000","0.000","0.000","0.000","0.000","0.000","0.000","0.000","0.000","0.000","0.000","0.034","0.004","0.011","0.001"
"173","30","PHARMACEUTICAL PRODUCTS","COMOROS","0.131","0.019","0.062","0.008","0.747","0.100","0.012","0.002","0.089","0.011","0.227","0.027","0.084","0.010","1.120","0.120","0.000","0.000","1.090","0.146","0.020","0.003","0.134","0.017","2.343","0.283","3.124","0.372","0.906","0.104","0.555","0.078","0.185","0.025","0.079","0.011","1.297","0.157","0.844","0.101","0.687","0.081","0.805","0.089","0.629","0.088","2.483","0.341","0.221","0.029","0.295","0.036","0.964","0.116","0.437","0.050","0.817","0.090","0.620","0.087","0.523","0.072","0.843","0.113","0.097","0.012","0.240","0.029","0.227","0.026","0.525","0.058","0.000","0.000","0.038","0.005","0.007","0.001","0.227","0.028","0.130","0.016","0.723","0.087","0.310","0.036","0.036","0.005","0.456","0.060","0.076","0.010","0.675","0.087","0.082","0.010","0.629","0.075","0.390","0.045","0.673","0.071","0.069","0.009","0.124","0.017","0.814","0.107","0.089","0.011","0.086","0.010","0.000","0.000","2.010","0.217","0.259","0.037","0.005","0.001","0.124","0.017","0.123","0.016","0.261","0.032","0.611","0.073","0.668","0.078","0.151","0.016","0.886","0.124","0.665","0.090","0.055","0.007","0.964","0.118","0.069","0.008","1.541","0.183","0.248","0.028","0.095","0.013","1.151","0.157","0.282","0.038","2.225","0.270","1.559","0.187","1.327","0.158","0.139","0.016","0.000","0.000","0.000","0.000","0.017","0.002","0.493","0.062","0.727","0.088","2.130","0.254","0.159","0.018"
"174","30","PHARMACEUTICAL PRODUCTS","ARMENIA","0.126","0.018","0.000","0.000","0.453","0.061","0.876","0.115","0.596","0.073","5.586","0.670","5.263","0.615","2.539","0.271","0.235","0.033","0.040","0.005","0.387","0.052","0.809","0.102","1.260","0.152","2.747","0.327","1.323","0.151","0.279","0.039","0.857","0.117","2.252","0.299","0.507","0.061","2.945","0.354","1.477","0.174","2.128","0.236","0.205","0.029","0.170","0.023","0.775","0.103","1.443","0.175","4.037","0.487","0.518","0.059","0.788","0.087","1.036","0.145","0.735","0.101","1.125","0.151","1.159","0.142","3.529","0.425","1.252","0.145","1.585","0.175","1.177","0.171","7.535","1.005","1.120","0.150","1.618","0.203","0.601","0.073","2.488","0.298","2.206","0.256","0.286","0.041","1.479","0.195","0.625","0.085","2.002","0.256","1.891","0.230","2.018","0.242","0.895","0.104","1.363","0.143","0.460","0.062","1.987","0.273","0.617","0.081","4.730","0.575","5.777","0.696","3.118","0.360","5.355","0.577","0.314","0.045","0.363","0.048","1.742","0.238","2.487","0.322","3.010","0.366","5.255","0.630","1.998","0.235","6.438","0.673","0.108","0.015","1.633","0.220","1.124","0.151","0.280","0.034","1.173","0.141","4.595","0.545","4.542","0.511","0.725","0.102","0.284","0.039","2.507","0.335","0.205","0.025","0.451","0.054","6.765","0.805","0.384","0.043","0.272","0.038","0.562","0.076","1.647","0.224","0.538","0.067","1.931","0.233","2.464","0.294","0.948","0.107"
"175","30","PHARMACEUTICAL PRODUCTS","MACAO","0.123","0.018","0.052","0.007","0.124","0.017","0.202","0.027","0.090","0.011","0.024","0.003","0.105","0.012","0.007","0.001","0.000","0.000","0.372","0.050","0.000","0.000","0.113","0.014","0.019","0.002","0.000","0.000","0.115","0.013","0.047","0.007","0.014","0.002","0.014","0.002","0.011","0.001","0.080","0.010","0.163","0.019","0.000","0.000","0.045","0.006","0.066","0.009","0.304","0.041","0.000","0.000","0.023","0.003","0.066","0.008","0.064","0.007","0.083","0.012","0.132","0.018","0.015","0.002","0.176","0.021","0.025","0.003","0.016","0.002","0.106","0.012","0.026","0.004","0.084","0.011","0.031","0.004","0.213","0.027","0.079","0.010","0.119","0.014","0.000","0.000","0.088","0.013","0.155","0.020","0.082","0.011","0.221","0.028","0.091","0.011","0.108","0.013","0.017","0.002","0.069","0.007","0.000","0.000","0.021","0.003","0.193","0.025","0.000","0.000","0.030","0.004","0.027","0.003","0.052","0.006","0.109","0.016","0.439","0.058","0.000","0.000","0.171","0.022","0.000","0.000","0.039","0.005","0.000","0.000","0.087","0.009","0.042","0.006","0.000","0.000","0.068","0.009","0.034","0.004","0.000","0.000","0.120","0.014","0.111","0.012","0.054","0.008","0.246","0.033","0.088","0.012","0.058","0.007","0.061","0.007","0.000","0.000","0.026","0.003","0.011","0.002","0.029","0.004","0.080","0.011","0.132","0.016","0.063","0.008","0.094","0.011","0.058","0.007"
"176","30","PHARMACEUTICAL PRODUCTS","MICRONESIA","0.123","0.018","0.183","0.024","0.142","0.019","0.342","0.045","0.255","0.031","0.184","0.022","0.162","0.019","0.200","0.021","0.036","0.005","0.208","0.028","0.545","0.074","0.035","0.004","0.191","0.023","0.253","0.030","0.147","0.017","0.160","0.023","0.044","0.006","0.044","0.006","0.129","0.016","0.155","0.019","0.162","0.019","0.041","0.005","0.073","0.010","0.220","0.030","0.157","0.021","0.048","0.006","0.111","0.013","0.188","0.022","0.116","0.013","0.053","0.007","0.704","0.096","0.212","0.028","0.009","0.001","0.077","0.009","0.061","0.007","0.171","0.019","0.310","0.045","0.493","0.066","0.442","0.059","0.203","0.026","0.418","0.051","0.212","0.025","0.263","0.031","0.498","0.072","0.298","0.039","0.398","0.054","0.073","0.009","0.267","0.032","0.045","0.005","0.014","0.002","0.414","0.044","0.089","0.012","0.194","0.027","0.163","0.021","0.134","0.016","0.073","0.009","0.147","0.017","0.025","0.003","0.042","0.006","0.040","0.005","0.161","0.022","0.770","0.100","0.013","0.002","0.091","0.011","0.136","0.016","0.096","0.010","0.034","0.005","0.211","0.028","0.144","0.019","0.267","0.033","0.001","0.000","0.159","0.019","0.047","0.005","0.050","0.007","0.168","0.023","0.031","0.004","0.230","0.028","0.277","0.033","0.448","0.053","0.289","0.033","0.008","0.001","0.447","0.061","0.188","0.026","0.236","0.029","0.105","0.013","0.031","0.004","0.305","0.035"
"177","30","PHARMACEUTICAL PRODUCTS","KIRIBATI REP","0.108","0.016","0.029","0.004","0.279","0.037","0.000","0.000","0.024","0.003","0.000","0.000","0.023","0.003","0.046","0.005","0.037","0.005","0.009","0.001","0.468","0.063","0.123","0.015","0.058","0.007","0.000","0.000","1.042","0.119","0.000","0.000","0.000","0.000","0.540","0.072","0.000","0.000","0.000","0.000","0.731","0.086","0.000","0.000","0.000","0.000","0.036","0.005","0.000","0.000","0.000","0.000","0.000","0.000","0.000","0.000","0.107","0.012","0.000","0.000","0.000","0.000","0.000","0.000","0.000","0.000","0.000","0.000","0.573","0.066","0.037","0.004","0.100","0.015","0.083","0.011","0.546","0.073","0.000","0.000","0.000","0.000","0.000","0.000","0.142","0.017","0.540","0.078","0.103","0.014","0.177","0.024","0.987","0.126","0.066","0.008","0.000","0.000","0.270","0.031","0.331","0.035","0.000","0.000","0.030","0.004","0.000","0.000","0.000","0.000","0.000","0.000","0.000","0.000","0.000","0.000","0.051","0.007","0.302","0.040","0.000","0.000","0.000","0.000","0.000","0.000","0.006","0.001","0.041","0.005","1.297","0.136","0.017","0.002","0.000","0.000","0.125","0.017","0.000","0.000","0.215","0.026","0.023","0.003","0.403","0.045","0.042","0.006","0.387","0.053","0.365","0.049","0.000","0.000","0.423","0.051","1.014","0.121","0.056","0.006","0.367","0.052","0.000","0.000","0.581","0.079","0.000","0.000","0.000","0.000","0.473","0.056","0.739","0.084"
"178","30","PHARMACEUTICAL PRODUCTS","DOMINICA","0.096","0.014","0.000","0.000","0.041","0.006","1.257","0.165","0.401","0.049","0.285","0.034","0.072","0.008","0.988","0.106","0.135","0.019","0.031","0.004","1.203","0.162","1.411","0.177","0.311","0.038","0.086","0.010","0.708","0.081","0.242","0.034","0.175","0.024","0.020","0.003","1.083","0.131","0.305","0.037","0.883","0.104","0.898","0.100","0.122","0.017","1.439","0.198","0.412","0.055","0.584","0.071","0.033","0.004","0.260","0.030","0.096","0.011","0.038","0.005","0.706","0.097","0.645","0.087","0.300","0.037","0.180","0.022","0.242","0.028","0.789","0.087","0.567","0.082","0.056","0.007","0.965","0.129","1.509","0.190","0.311","0.038","0.132","0.016","0.127","0.015","0.281","0.041","0.291","0.038","1.260","0.171","2.169","0.278","0.105","0.013","0.439","0.053","0.493","0.057","1.836","0.193","0.136","0.018","0.113","0.016","0.226","0.030","0.556","0.068","0.124","0.015","0.538","0.062","0.372","0.040","0.124","0.018","0.051","0.007","0.159","0.022","1.680","0.217","0.890","0.108","0.053","0.006","0.320","0.038","0.082","0.009","0.307","0.043","0.270","0.036","1.855","0.249","0.401","0.049","0.830","0.100","0.100","0.012","0.849","0.096","0.044","0.006","0.030","0.004","0.907","0.121","0.103","0.012","1.227","0.147","0.434","0.052","0.165","0.019","0.375","0.053","0.100","0.014","0.214","0.029","0.154","0.019","0.277","0.033","0.389","0.046","0.290","0.033"
"179","30","PHARMACEUTICAL PRODUCTS","STATE OF PALEST","0.094","0.014","0.000","0.000","0.000","0.000","0.000","0.000","0.007","0.001","0.000","0.000","0.000","0.000","0.000","0.000","0.000","0.000","0.001","0.000","0.790","0.107","0.716","0.090","0.000","0.000","0.000","0.000","0.000","0.000","0.000","0.000","0.000","0.000","8.084","1.072","3.144","0.381","0.668","0.080","0.000","0.000","0.000","0.000","0.000","0.000","5.351","0.735","0.113","0.015","0.058","0.007","0.000","0.000","0.000","0.000","0.000","0.000","0.000","0.000","0.000","0.000","0.000","0.000","0.000","0.000","0.000","0.000","0.000","0.000","0.000","0.000","0.011","0.002","0.000","0.000","0.000","0.000","0.000","0.000","1.749","0.213","0.000","0.000","0.000","0.000","0.000","0.000","0.000","0.000","0.000","0.000","1.345","0.172","0.000","0.000","0.000","0.000","0.000","0.000","0.000","0.000","0.000","0.000","5.925","0.814","0.743","0.097","0.000","0.000","0.000","0.000","0.000","0.000","0.000","0.000","0.199","0.028","0.000","0.000","0.000","0.000","0.000","0.000","0.000","0.000","0.000","0.000","0.000","0.000","0.000","0.000","0.000","0.000","0.003","0.000","2.453","0.329","0.000","0.000","0.000","0.000","0.000","0.000","0.000","0.000","0.000","0.000","1.232","0.168","0.045","0.006","8.612","1.046","0.000","0.000","0.000","0.000","0.000","0.000","0.000","0.000","0.116","0.016","0.000","0.000","5.269","0.657","0.000","0.000","0.000","0.000","0.000","0.000"
"180","30","PHARMACEUTICAL PRODUCTS","GRENADA","0.077","0.011","0.173","0.023","0.042","0.006","0.310","0.041","0.312","0.038","0.299","0.036","0.627","0.073","0.882","0.094","0.135","0.019","0.081","0.011","0.143","0.019","0.077","0.010","0.371","0.045","0.801","0.095","0.442","0.050","0.177","0.025","0.044","0.006","0.120","0.016","0.290","0.035","0.315","0.038","0.389","0.046","0.357","0.040","0.061","0.009","0.099","0.014","0.433","0.058","0.227","0.027","0.223","0.027","0.437","0.050","0.949","0.105","0.153","0.021","0.054","0.007","0.205","0.028","0.054","0.007","0.556","0.067","0.412","0.048","0.587","0.065","0.086","0.013","0.153","0.020","0.186","0.025","0.326","0.041","0.262","0.032","0.436","0.052","1.005","0.117","0.010","0.001","0.073","0.010","0.101","0.014","0.067","0.009","0.515","0.063","0.457","0.055","0.927","0.108","0.841","0.089","0.041","0.006","0.209","0.029","0.459","0.060","0.811","0.099","0.445","0.054","0.578","0.067","0.783","0.084","0.122","0.018","0.081","0.011","0.372","0.051","0.245","0.032","0.547","0.066","0.419","0.050","0.472","0.055","0.294","0.031","0.202","0.028","0.090","0.012","0.182","0.024","0.266","0.033","0.419","0.050","0.480","0.057","0.754","0.085","0.168","0.024","0.034","0.005","0.187","0.025","0.353","0.043","0.327","0.039","0.523","0.062","0.756","0.085","0.111","0.016","0.220","0.030","0.118","0.016","0.035","0.004","0.241","0.029","0.423","0.050","0.253","0.029"
"181","30","PHARMACEUTICAL PRODUCTS","ALBANIA","0.075","0.011","0.146","0.019","1.232","0.165","0.113","0.015","1.283","0.156","0.962","0.115","2.117","0.247","4.061","0.434","1.689","0.237","0.120","0.016","0.086","0.012","3.490","0.439","0.536","0.065","1.639","0.195","3.028","0.346","0.049","0.007","2.513","0.342","0.278","0.037","3.269","0.396","0.120","0.014","0.938","0.110","1.899","0.211","0.035","0.005","0.277","0.038","2.621","0.349","0.401","0.049","0.852","0.103","0.282","0.032","1.011","0.111","1.111","0.156","2.219","0.303","0.500","0.067","0.045","0.006","0.053","0.006","2.708","0.314","1.354","0.149","0.205","0.030","1.608","0.214","0.214","0.029","0.153","0.019","0.135","0.016","1.564","0.187","0.232","0.027","0.051","0.007","0.470","0.062","1.361","0.185","0.064","0.008","0.783","0.095","1.421","0.170","1.828","0.213","0.614","0.065","0.005","0.001","0.853","0.117","0.718","0.094","0.076","0.009","1.867","0.225","0.941","0.109","0.531","0.057","0.211","0.030","0.315","0.042","0.210","0.029","0.023","0.003","1.952","0.237","1.509","0.181","2.775","0.326","1.806","0.189","1.406","0.197","2.972","0.400","1.456","0.195","0.982","0.120","2.229","0.268","1.466","0.174","0.936","0.105","1.419","0.200","1.662","0.226","2.430","0.324","0.273","0.033","0.381","0.046","1.327","0.158","0.440","0.050","0.873","0.122","0.384","0.052","0.007","0.001","0.642","0.080","0.032","0.004","0.483","0.058","3.375","0.382"
"182","30","PHARMACEUTICAL PRODUCTS","BR VIRGN IS","0.064","0.009","0.015","0.002","0.105","0.014","0.087","0.011","0.027","0.003","0.219","0.026","0.377","0.044","0.344","0.037","0.065","0.009","0.040","0.005","0.197","0.027","0.151","0.019","0.105","0.013","0.211","0.025","0.357","0.041","0.066","0.009","0.028","0.004","0.085","0.011","0.196","0.024","0.189","0.023","0.303","0.036","0.293","0.033","0.092","0.013","0.046","0.006","0.037","0.005","0.349","0.042","0.353","0.043","0.302","0.035","0.246","0.027","0.055","0.008","0.111","0.015","0.258","0.035","0.120","0.015","0.188","0.023","0.172","0.020","0.347","0.038","0.000","0.000","0.026","0.003","0.039","0.005","0.099","0.012","0.137","0.017","0.164","0.020","0.356","0.041","0.162","0.023","0.234","0.031","0.080","0.011","0.074","0.009","0.117","0.014","0.123","0.015","0.287","0.033","0.438","0.046","0.044","0.006","0.081","0.011","0.109","0.014","0.213","0.026","0.285","0.034","0.291","0.034","0.457","0.049","0.156","0.022","0.145","0.019","0.062","0.008","0.197","0.025","0.164","0.020","0.416","0.050","0.523","0.061","0.473","0.050","0.131","0.018","0.040","0.005","0.027","0.004","0.075","0.009","0.183","0.022","0.090","0.011","0.343","0.039","0.165","0.023","0.076","0.010","0.046","0.006","0.105","0.013","0.205","0.025","0.236","0.028","0.308","0.035","0.073","0.010","0.049","0.007","0.069","0.009","0.108","0.013","0.279","0.034","0.115","0.014","0.307","0.035"
"183","30","PHARMACEUTICAL PRODUCTS","SLOVAK REP","0.061","0.009","4.150","0.544","1.798","0.241","1.973","0.259","1.752","0.214","0.437","0.052","1.894","0.221","1.275","0.136","0.437","0.061","0.799","0.107","1.472","0.198","1.250","0.157","5.819","0.703","0.643","0.077","0.835","0.095","0.134","0.019","0.669","0.091","1.289","0.171","3.252","0.394","1.060","0.127","1.647","0.194","1.002","0.111","0.077","0.011","1.236","0.170","0.858","0.114","3.673","0.445","2.991","0.360","0.612","0.070","3.096","0.341","0.160","0.022","0.544","0.074","0.342","0.046","3.379","0.413","0.964","0.116","0.728","0.084","0.913","0.101","0.057","0.008","0.240","0.032","1.130","0.152","0.355","0.045","3.862","0.470","0.465","0.056","0.766","0.089","0.535","0.077","0.251","0.033","1.034","0.141","1.601","0.205","3.761","0.457","3.127","0.375","0.322","0.037","1.651","0.174","0.022","0.003","3.464","0.476","0.273","0.036","6.251","0.760","0.804","0.097","0.376","0.043","0.788","0.085","0.440","0.063","0.113","0.015","0.727","0.099","1.074","0.139","2.694","0.327","1.481","0.178","1.137","0.133","0.773","0.081","0.141","0.020","0.246","0.033","0.530","0.071","4.532","0.554","1.487","0.179","0.229","0.027","1.108","0.125","0.607","0.085","0.667","0.091","0.548","0.073","3.316","0.403","3.223","0.387","0.946","0.113","2.151","0.243","0.956","0.134","0.144","0.020","2.005","0.273","1.102","0.137","1.363","0.164","2.019","0.241","1.265","0.143"
"184","30","PHARMACEUTICAL PRODUCTS","TURKS C IS","0.051","0.007","0.000","0.000","0.004","0.001","0.040","0.005","0.010","0.001","0.024","0.003","0.094","0.011","0.124","0.013","0.169","0.024","0.051","0.007","0.002","0.000","0.025","0.003","0.000","0.000","0.164","0.020","0.033","0.004","0.000","0.000","0.003","0.000","0.015","0.002","0.082","0.010","0.039","0.005","0.012","0.001","0.301","0.033","0.000","0.000","0.018","0.002","0.014","0.002","0.126","0.015","0.187","0.022","0.077","0.009","0.244","0.027","0.021","0.003","0.000","0.000","0.000","0.000","0.049","0.006","0.000","0.000","0.000","0.000","0.354","0.039","0.065","0.010","0.000","0.000","0.143","0.019","0.000","0.000","0.082","0.010","0.011","0.001","0.000","0.000","0.052","0.007","0.000","0.000","0.033","0.004","0.078","0.010","0.080","0.010","0.083","0.010","0.144","0.017","0.430","0.045","0.037","0.005","0.049","0.007","0.025","0.003","0.145","0.018","0.031","0.004","0.222","0.026","0.471","0.051","0.019","0.003","0.031","0.004","0.003","0.000","0.001","0.000","0.208","0.025","0.109","0.013","0.110","0.013","0.252","0.026","0.052","0.007","0.000","0.000","0.013","0.002","0.012","0.002","0.077","0.009","0.217","0.026","0.328","0.037","0.005","0.001","0.062","0.008","0.000","0.000","0.040","0.005","0.182","0.022","0.045","0.005","0.656","0.074","0.020","0.003","0.002","0.000","0.113","0.015","0.000","0.000","0.062","0.007","0.048","0.006","0.367","0.042"
"185","30","PHARMACEUTICAL PRODUCTS","ST KITT N A","0.047","0.007","0.105","0.014","0.280","0.038","0.294","0.039","0.365","0.045","0.273","0.033","0.509","0.060","0.963","0.103","0.535","0.075","0.165","0.022","0.640","0.086","0.180","0.023","0.460","0.056","0.438","0.052","0.737","0.084","0.363","0.051","0.395","0.054","1.028","0.136","0.191","0.023","0.347","0.042","0.812","0.096","0.897","0.100","0.200","0.028","0.667","0.092","0.817","0.109","0.429","0.052","0.299","0.036","0.494","0.057","0.638","0.070","0.399","0.056","0.156","0.021","0.755","0.101","0.217","0.026","0.288","0.035","0.263","0.030","0.742","0.082","0.231","0.034","0.416","0.055","0.283","0.038","1.107","0.139","0.348","0.042","0.284","0.034","0.202","0.023","0.391","0.056","0.558","0.074","1.396","0.190","0.621","0.080","0.459","0.056","0.385","0.046","0.750","0.087","0.564","0.059","0.124","0.017","0.371","0.051","0.838","0.110","0.405","0.049","0.407","0.049","0.540","0.062","1.465","0.158","0.195","0.028","0.094","0.012","0.456","0.062","0.387","0.050","0.202","0.025","0.512","0.061","0.517","0.061","0.931","0.097","0.232","0.032","0.286","0.039","2.733","0.367","0.507","0.062","0.499","0.060","0.595","0.071","0.296","0.033","0.345","0.049","0.310","0.042","0.156","0.021","0.305","0.037","0.775","0.093","0.378","0.045","0.531","0.060","0.048","0.007","0.420","0.057","0.544","0.074","0.822","0.102","0.362","0.044","0.444","0.053","0.595","0.067"
"186","30","PHARMACEUTICAL PRODUCTS","PALAU","0.044","0.006","0.024","0.003","0.118","0.016","0.000","0.000","0.000","0.000","0.077","0.009","0.114","0.013","0.140","0.015","0.037","0.005","0.000","0.000","0.038","0.005","0.000","0.000","0.000","0.000","0.068","0.008","0.091","0.010","0.010","0.001","0.046","0.006","0.014","0.002","0.013","0.002","0.002","0.000","0.051","0.006","0.000","0.000","0.032","0.005","0.000","0.000","0.000","0.000","0.066","0.008","0.068","0.008","0.000","0.000","0.078","0.009","0.027","0.004","0.000","0.000","0.037","0.005","0.000","0.000","0.021","0.003","0.125","0.015","0.115","0.013","0.041","0.006","0.031","0.004","0.010","0.001","0.026","0.003","0.000","0.000","0.031","0.004","0.093","0.011","0.041","0.006","0.000","0.000","0.061","0.008","0.110","0.014","0.008","0.001","0.015","0.002","0.035","0.004","0.102","0.011","0.000","0.000","0.021","0.003","0.080","0.010","0.033","0.004","0.000","0.000","0.108","0.012","0.094","0.010","0.000","0.000","0.067","0.009","0.000","0.000","0.000","0.000","0.019","0.002","0.074","0.009","0.068","0.008","0.043","0.005","0.033","0.005","0.000","0.000","0.062","0.008","0.126","0.015","0.125","0.015","0.046","0.005","0.229","0.026","0.000","0.000","0.083","0.011","0.055","0.007","0.000","0.000","0.000","0.000","0.034","0.004","0.032","0.004","0.037","0.005","0.052","0.007","0.000","0.000","0.072","0.009","0.074","0.009","0.043","0.005","0.076","0.009"
"187","30","PHARMACEUTICAL PRODUCTS","BERMUDA","0.042","0.006","0.000","0.000","0.000","0.000","0.012","0.002","0.021","0.003","0.023","0.003","0.019","0.002","0.012","0.001","0.000","0.000","0.006","0.001","0.004","0.000","0.012","0.002","0.016","0.002","0.039","0.005","0.000","0.000","0.055","0.008","0.118","0.016","0.000","0.000","0.021","0.003","0.000","0.000","0.030","0.004","0.000","0.000","0.000","0.000","0.000","0.000","0.109","0.015","0.039","0.005","0.000","0.000","0.038","0.004","0.001","0.000","0.014","0.002","0.006","0.001","0.004","0.000","0.000","0.000","0.035","0.004","0.000","0.000","0.033","0.004","0.005","0.001","0.013","0.002","0.026","0.004","0.009","0.001","0.010","0.001","0.021","0.003","0.007","0.001","0.047","0.007","0.000","0.000","0.021","0.003","0.007","0.001","0.112","0.014","0.020","0.002","0.000","0.000","0.000","0.000","0.000","0.000","0.000","0.000","0.006","0.001","0.034","0.004","0.003","0.000","0.000","0.000","0.000","0.000","0.004","0.001","0.016","0.002","0.089","0.012","0.018","0.002","0.004","0.000","0.114","0.014","0.078","0.009","0.018","0.002","0.000","0.000","0.007","0.001","0.014","0.002","0.014","0.002","0.000","0.000","0.039","0.005","0.000","0.000","0.000","0.000","0.031","0.004","0.004","0.000","0.000","0.000","0.000","0.000","0.000","0.000","0.000","0.000","0.002","0.000","0.055","0.008","0.000","0.000","0.000","0.000","0.004","0.000","0.000","0.000","0.004","0.000"
"188","30","PHARMACEUTICAL PRODUCTS","SAMOA","0.040","0.006","0.000","0.000","0.084","0.011","0.000","0.000","0.000","0.000","0.095","0.011","0.000","0.000","0.031","0.003","0.000","0.000","0.053","0.007","0.000","0.000","0.000","0.000","0.230","0.028","0.055","0.007","0.000","0.000","0.015","0.002","0.273","0.037","0.000","0.000","0.000","0.000","0.000","0.000","0.000","0.000","0.000","0.000","0.002","0.000","0.642","0.088","0.065","0.009","0.006","0.001","0.000","0.000","0.011","0.001","0.003","0.000","0.115","0.016","0.241","0.033","0.034","0.005","0.000","0.000","0.026","0.003","0.000","0.000","0.000","0.000","2.094","0.304","0.000","0.000","0.575","0.077","0.053","0.007","0.032","0.004","0.000","0.000","0.201","0.023","0.522","0.075","0.000","0.000","0.034","0.005","0.000","0.000","0.000","0.000","0.000","0.000","0.000","0.000","0.000","0.000","0.001","0.000","0.209","0.029","0.384","0.050","0.101","0.012","0.002","0.000","0.000","0.000","0.229","0.025","1.414","0.203","0.047","0.006","0.024","0.003","0.368","0.048","0.000","0.000","0.000","0.000","0.000","0.000","0.157","0.016","0.000","0.000","0.463","0.062","0.000","0.000","0.000","0.000","0.112","0.013","0.345","0.041","0.574","0.065","0.000","0.000","0.464","0.063","0.033","0.004","0.198","0.024","0.000","0.000","0.187","0.022","0.000","0.000","0.018","0.003","0.696","0.095","0.000","0.000","0.000","0.000","0.000","0.000","0.000","0.000","0.000","0.000"
"189","30","PHARMACEUTICAL PRODUCTS","GUAM","0.037","0.005","0.000","0.000","0.059","0.008","0.000","0.000","0.601","0.073","0.006","0.001","0.000","0.000","0.000","0.000","0.070","0.010","0.000","0.000","0.000","0.000","0.026","0.003","0.057","0.007","0.000","0.000","0.000","0.000","0.204","0.029","0.081","0.011","0.000","0.000","0.000","0.000","0.000","0.000","0.000","0.000","0.000","0.000","0.000","0.000","0.016","0.002","0.000","0.000","0.000","0.000","0.000","0.000","0.000","0.000","0.000","0.000","0.231","0.032","0.061","0.008","0.038","0.005","0.100","0.012","0.020","0.002","0.000","0.000","0.072","0.008","0.000","0.000","0.000","0.000","0.000","0.000","0.000","0.000","0.007","0.001","0.000","0.000","0.000","0.000","0.063","0.009","0.000","0.000","0.016","0.002","0.067","0.009","0.000","0.000","0.000","0.000","0.000","0.000","0.000","0.000","0.000","0.000","0.031","0.004","0.061","0.008","0.000","0.000","0.025","0.003","0.000","0.000","0.000","0.000","0.035","0.005","0.000","0.000","0.000","0.000","0.029","0.004","0.000","0.000","0.000","0.000","0.000","0.000","0.000","0.000","0.000","0.000","0.223","0.030","0.000","0.000","0.129","0.016","0.000","0.000","0.000","0.000","0.000","0.000","0.058","0.008","0.000","0.000","0.000","0.000","0.000","0.000","0.016","0.002","0.000","0.000","0.000","0.000","0.000","0.000","0.125","0.017","0.250","0.034","0.000","0.000","0.008","0.001","0.000","0.000","0.000","0.000"
"190","30","PHARMACEUTICAL PRODUCTS","ANTIGUA","0.032","0.005","0.052","0.007","0.043","0.006","0.423","0.056","0.395","0.048","0.547","0.066","0.366","0.043","0.499","0.053","0.021","0.003","0.028","0.004","0.024","0.003","0.683","0.086","0.415","0.050","0.167","0.020","0.148","0.017","0.245","0.034","0.176","0.024","0.357","0.047","0.141","0.017","0.051","0.006","0.174","0.021","0.314","0.035","0.117","0.016","0.977","0.134","0.141","0.019","0.210","0.025","0.275","0.033","0.301","0.035","0.656","0.072","0.130","0.018","0.157","0.021","0.373","0.050","0.009","0.001","0.196","0.024","0.217","0.025","0.753","0.083","0.132","0.019","0.230","0.031","0.023","0.003","0.038","0.005","0.383","0.047","0.182","0.022","0.161","0.019","0.065","0.009","0.409","0.054","0.091","0.012","0.083","0.011","0.158","0.019","0.650","0.078","0.257","0.030","1.019","0.107","0.100","0.013","0.147","0.020","0.709","0.093","0.344","0.042","0.271","0.033","0.380","0.044","1.308","0.141","0.040","0.006","0.056","0.007","0.211","0.029","0.352","0.046","0.116","0.014","0.191","0.023","0.156","0.018","0.557","0.058","0.310","0.043","0.151","0.020","0.165","0.022","0.068","0.008","0.638","0.077","0.127","0.015","0.282","0.032","0.053","0.007","0.198","0.027","0.244","0.033","0.325","0.039","0.342","0.041","0.324","0.039","0.377","0.043","0.040","0.006","0.261","0.036","0.132","0.018","0.076","0.010","0.334","0.040","0.383","0.046","0.618","0.070"
"191","30","PHARMACEUTICAL PRODUCTS","CAPE VERDE IS","0.015","0.002","0.000","0.000","1.198","0.161","0.005","0.001","0.686","0.084","1.265","0.152","0.980","0.115","0.000","0.000","0.448","0.063","0.175","0.024","0.129","0.017","0.000","0.000","1.992","0.241","0.008","0.001","0.333","0.038","0.359","0.050","0.011","0.001","0.000","0.000","0.299","0.036","0.000","0.000","0.000","0.000","0.000","0.000","0.103","0.014","0.032","0.004","0.588","0.078","0.000","0.000","0.106","0.013","0.000","0.000","0.235","0.026","0.570","0.080","0.000","0.000","0.000","0.000","0.000","0.000","0.000","0.000","0.000","0.000","0.000","0.000","0.288","0.042","0.050","0.007","0.691","0.093","0.609","0.077","0.015","0.002","0.075","0.009","1.047","0.122","0.455","0.066","0.671","0.089","0.000","0.000","0.000","0.000","0.604","0.073","0.460","0.055","0.000","0.000","0.937","0.099","0.006","0.001","0.327","0.045","0.037","0.005","0.259","0.031","0.327","0.039","0.197","0.023","0.981","0.106","0.291","0.042","0.356","0.047","0.000","0.000","0.499","0.065","0.189","0.023","0.252","0.030","0.687","0.081","0.000","0.000","0.098","0.014","0.158","0.021","0.000","0.000","1.169","0.143","0.000","0.000","0.000","0.000","0.126","0.014","0.203","0.029","0.456","0.062","0.000","0.000","0.000","0.000","0.000","0.000","0.021","0.002","0.121","0.014","0.036","0.005","0.000","0.000","0.000","0.000","0.000","0.000","0.006","0.001","0.190","0.023","0.265","0.030"
"192","30","PHARMACEUTICAL PRODUCTS","ARUBA","0.013","0.002","0.000","0.000","0.055","0.007","0.000","0.000","0.051","0.006","0.000","0.000","0.051","0.006","0.011","0.001","0.000","0.000","0.000","0.000","0.000","0.000","0.000","0.000","0.000","0.000","0.011","0.001","0.068","0.008","0.000","0.000","0.000","0.000","0.000","0.000","0.000","0.000","0.000","0.000","0.012","0.001","0.007","0.001","0.000","0.000","0.000","0.000","0.002","0.000","0.014","0.002","0.000","0.000","0.000","0.000","0.011","0.001","0.000","0.000","0.006","0.001","0.000","0.000","0.000","0.000","0.013","0.002","0.000","0.000","0.000","0.000","0.000","0.000","0.000","0.000","0.003","0.000","0.000","0.000","0.011","0.001","0.057","0.007","0.000","0.000","0.000","0.000","0.000","0.000","0.000","0.000","0.003","0.000","0.000","0.000","0.000","0.000","0.000","0.000","0.000","0.000","0.000","0.000","0.000","0.000","0.002","0.000","0.003","0.000","0.018","0.002","0.020","0.002","0.000","0.000","0.048","0.007","0.000","0.000","0.007","0.001","0.039","0.005","0.012","0.001","0.093","0.011","0.015","0.002","0.018","0.002","0.000","0.000","0.000","0.000","0.003","0.000","0.004","0.001","0.000","0.000","0.000","0.000","0.000","0.000","0.074","0.010","0.001","0.000","0.001","0.000","0.000","0.000","0.003","0.000","0.093","0.011","0.012","0.001","0.000","0.000","0.010","0.001","0.000","0.000","0.003","0.000","0.023","0.003","0.067","0.008","0.000","0.000"
"193","30","PHARMACEUTICAL PRODUCTS","PUERTO RICO","0.012","0.002","0.000","0.000","0.002","0.000","0.020","0.003","0.001","0.000","0.003","0.000","0.104","0.012","0.842","0.090","0.000","0.000","0.404","0.054","0.244","0.033","0.121","0.015","0.006","0.001","0.000","0.000","0.425","0.049","0.000","0.000","0.000","0.000","0.000","0.000","0.000","0.000","0.000","0.000","0.000","0.000","0.100","0.011","0.004","0.001","0.132","0.018","0.000","0.000","0.188","0.023","0.000","0.000","0.000","0.000","0.701","0.077","0.000","0.000","0.000","0.000","0.012","0.002","0.000","0.000","0.000","0.000","0.000","0.000","0.000","0.000","0.045","0.007","0.017","0.002","0.106","0.014","0.003","0.000","0.003","0.000","0.013","0.002","0.000","0.000","0.000","0.000","0.055","0.007","0.000","0.000","0.003","0.000","0.001","0.000","0.000","0.000","0.000","0.000","0.045","0.005","0.000","0.000","0.055","0.008","0.000","0.000","0.000","0.000","0.002","0.000","0.005","0.001","0.000","0.000","0.000","0.000","0.000","0.000","0.362","0.049","0.003","0.000","0.188","0.023","0.000","0.000","0.000","0.000","0.000","0.000","0.000","0.000","0.323","0.044","0.000","0.000","8.647","1.057","0.000","0.000","0.013","0.002","0.000","0.000","0.000","0.000","0.095","0.013","0.000","0.000","0.003","0.000","0.000","0.000","0.000","0.000","0.000","0.000","0.000","0.000","0.006","0.001","0.000","0.000","0.000","0.000","0.143","0.017","0.000","0.000","0.835","0.095"
"194","30","PHARMACEUTICAL PRODUCTS","ANGUILLA","0.011","0.002","0.026","0.003","0.045","0.006","0.017","0.002","0.077","0.009","0.044","0.005","0.108","0.013","0.084","0.009","0.024","0.003","0.000","0.000","0.000","0.000","0.002","0.000","0.147","0.018","0.057","0.007","0.118","0.014","0.022","0.003","0.014","0.002","0.006","0.001","0.000","0.000","0.073","0.009","0.189","0.022","0.033","0.004","0.028","0.004","0.017","0.002","0.000","0.000","0.001","0.000","0.067","0.008","0.050","0.006","0.078","0.009","0.000","0.000","0.000","0.000","0.000","0.000","0.000","0.000","0.015","0.002","0.069","0.008","0.000","0.000","0.011","0.002","0.000","0.000","0.000","0.000","0.016","0.002","0.028","0.003","0.023","0.003","0.074","0.009","0.000","0.000","0.003","0.000","0.001","0.000","0.000","0.000","0.066","0.008","0.000","0.000","0.034","0.004","0.077","0.008","0.000","0.000","0.058","0.008","0.003","0.000","0.000","0.000","0.178","0.021","0.062","0.007","0.110","0.012","0.000","0.000","0.000","0.000","0.000","0.000","0.001","0.000","0.020","0.002","0.124","0.015","0.227","0.027","0.112","0.012","0.011","0.001","0.000","0.000","0.000","0.000","0.000","0.000","0.006","0.001","0.014","0.002","0.355","0.040","0.000","0.000","0.000","0.000","0.008","0.001","0.006","0.001","0.030","0.004","0.039","0.005","0.112","0.013","0.010","0.001","0.010","0.001","0.000","0.000","0.000","0.000","0.115","0.014","0.018","0.002","0.062","0.007"
"195","30","PHARMACEUTICAL PRODUCTS","ESTONIA","0.006","0.001","0.074","0.010","0.050","0.007","0.077","0.010","0.193","0.024","0.000","0.000","0.041","0.005","0.520","0.056","0.031","0.004","0.216","0.029","0.233","0.031","0.211","0.027","0.043","0.005","0.000","0.000","0.060","0.007","0.079","0.011","0.205","0.028","0.480","0.064","0.408","0.050","0.270","0.032","0.029","0.003","0.104","0.012","0.045","0.006","0.098","0.014","0.017","0.002","0.196","0.024","0.184","0.022","0.138","0.016","1.104","0.122","0.126","0.018","0.188","0.026","0.026","0.004","0.037","0.004","0.951","0.114","1.037","0.120","0.251","0.028","0.368","0.053","0.259","0.035","0.084","0.011","0.025","0.003","0.207","0.025","0.088","0.011","0.000","0.000","0.096","0.014","0.069","0.009","0.086","0.012","0.082","0.010","0.319","0.039","0.142","0.017","0.149","0.017","0.314","0.033","0.040","0.005","0.168","0.023","0.172","0.023","1.274","0.155","0.404","0.049","0.000","0.000","0.287","0.031","0.174","0.025","0.016","0.002","0.826","0.113","0.040","0.005","0.000","0.000","0.305","0.037","0.325","0.038","0.087","0.009","0.016","0.002","0.056","0.008","0.736","0.099","0.853","0.104","0.294","0.035","0.285","0.034","2.792","0.314","0.082","0.012","0.101","0.014","0.225","0.030","0.000","0.000","0.239","0.029","0.223","0.027","0.376","0.043","0.030","0.004","0.028","0.004","0.618","0.084","0.780","0.097","0.488","0.059","0.168","0.020","0.468","0.053"
"196","30","PHARMACEUTICAL PRODUCTS","GIBRALTAR","0.004","0.001","0.000","0.000","0.000","0.000","0.000","0.000","0.000","0.000","0.006","0.001","0.000","0.000","0.000","0.000","0.000","0.000","0.000","0.000","0.000","0.000","0.000","0.000","0.004","0.000","0.004","0.000","0.000","0.000","0.000","0.000","0.000","0.000","0.000","0.000","0.000","0.000","0.000","0.000","0.000","0.000","0.000","0.000","0.003","0.000","0.000","0.000","0.000","0.000","0.000","0.000","0.000","0.000","0.000","0.000","0.000","0.000","0.000","0.000","0.000","0.000","0.000","0.000","0.000","0.000","0.000","0.000","0.000","0.000","0.000","0.000","0.006","0.001","0.000","0.000","0.000","0.000","0.000","0.000","0.000","0.000","0.000","0.000","0.000","0.000","0.000","0.000","0.000","0.000","0.000","0.000","0.002","0.000","0.000","0.000","0.006","0.001","0.000","0.000","0.001","0.000","0.007","0.001","0.000","0.000","0.000","0.000","0.000","0.000","0.000","0.000","0.000","0.000","0.000","0.000","0.000","0.000","0.000","0.000","0.000","0.000","0.000","0.000","0.000","0.000","0.000","0.000","0.000","0.000","0.000","0.000","0.002","0.000","0.000","0.000","0.000","0.000","0.000","0.000","0.000","0.000","0.000","0.000","0.000","0.000","0.000","0.000","0.000","0.000","0.000","0.000","0.000","0.000","0.000","0.000","0.004","0.001","0.000","0.000","0.000","0.000","0.000","0.000","0.000","0.000","0.000","0.000","0.005","0.001","0.007","0.001","0.000","0.000"
"197","30","PHARMACEUTICAL PRODUCTS","NAURU RP","0.004","0.001","0.000","0.000","0.200","0.027","0.000","0.000","0.240","0.029","0.000","0.000","0.000","0.000","0.000","0.000","0.000","0.000","0.000","0.000","0.000","0.000","0.143","0.018","0.000","0.000","0.000","0.000","0.000","0.000","0.000","0.000","0.000","0.000","0.000","0.000","0.000","0.000","0.000","0.000","0.000","0.000","0.000","0.000","0.000","0.000","0.000","0.000","0.000","0.000","0.000","0.000","0.000","0.000","0.000","0.000","0.000","0.000","0.000","0.000","0.000","0.000","0.000","0.000","0.000","0.000","0.000","0.000","0.000","0.000","0.000","0.000","0.000","0.000","0.000","0.000","0.000","0.000","0.000","0.000","0.000","0.000","0.000","0.000","0.000","0.000","0.000","0.000","0.000","0.000","0.000","0.000","0.000","0.000","0.000","0.000","0.000","0.000","0.000","0.000","0.009","0.001","0.000","0.000","0.000","0.000","0.000","0.000","0.000","0.000","0.000","0.000","0.000","0.000","0.000","0.000","0.005","0.001","0.000","0.000","0.000","0.000","0.000","0.000","0.000","0.000","0.000","0.000","0.000","0.000","0.010","0.001","0.000","0.000","0.000","0.000","0.000","0.000","0.000","0.000","0.000","0.000","0.000","0.000","0.000","0.000","0.000","0.000","0.000","0.000","0.000","0.000","0.000","0.000","0.000","0.000","0.000","0.000","0.000","0.000","0.000","0.000","0.000","0.000","0.000","0.000","0.000","0.000","0.000","0.000","0.000","0.000","0.000","0.000"
"198","30","PHARMACEUTICAL PRODUCTS","ICELAND","0.000","0.000","0.622","0.082","0.000","0.000","0.000","0.000","0.190","0.023","0.000","0.000","6.162","0.720","0.000","0.000","0.000","0.000","0.001","0.000","0.000","0.000","0.000","0.000","0.000","0.000","0.088","0.010","0.007","0.001","0.000","0.000","0.191","0.026","0.000","0.000","0.000","0.000","0.000","0.000","0.000","0.000","0.000","0.000","0.000","0.000","0.000","0.000","0.000","0.000","0.000","0.000","0.000","0.000","0.000","0.000","3.134","0.345","0.000","0.000","0.038","0.005","0.000","0.000","0.000","0.000","0.000","0.000","0.000","0.000","0.035","0.004","0.179","0.026","0.028","0.004","0.000","0.000","0.000","0.000","0.012","0.001","0.000","0.000","9.108","1.058","0.031","0.004","0.491","0.065","0.000","0.000","0.174","0.022","0.000","0.000","0.172","0.021","0.000","0.000","0.034","0.004","0.000","0.000","0.000","0.000","0.000","0.000","0.000","0.000","0.000","0.000","3.029","0.350","2.341","0.252","0.000","0.000","0.177","0.023","0.000","0.000","0.000","0.000","0.003","0.000","0.000","0.000","0.000","0.000","1.990","0.208","0.000","0.000","0.000","0.000","0.000","0.000","0.000","0.000","0.028","0.003","0.000","0.000","0.229","0.026","0.000","0.000","0.070","0.010","0.000","0.000","0.000","0.000","0.000","0.000","0.000","0.000","0.000","0.000","0.000","0.000","0.000","0.000","0.197","0.027","0.000","0.000","0.000","0.000","0.104","0.012","1.149","0.130"
"199","30","PHARMACEUTICAL PRODUCTS","MAYOTTE","0.000","0.000","0.000","0.000","0.000","0.000","0.003","0.000","0.000","0.000","0.000","0.000","0.000","0.000","0.000","0.000","0.000","0.000","0.000","0.000","0.000","0.000","0.000","0.000","0.000","0.000","0.000","0.000","0.000","0.000","0.000","0.000","0.000","0.000","0.000","0.000","0.000","0.000","0.000","0.000","0.000","0.000","0.000","0.000","0.000","0.000","0.000","0.000","0.000","0.000","0.000","0.000","0.000","0.000","0.000","0.000","0.000","0.000","0.000","0.000","0.000","0.000","0.000","0.000","0.000","0.000","0.000","0.000","0.000","0.000","0.000","0.000","0.000","0.000","0.000","0.000","0.000","0.000","0.000","0.000","0.000","0.000","0.000","0.000","0.000","0.000","0.000","0.000","0.000","0.000","0.000","0.000","0.000","0.000","0.000","0.000","0.000","0.000","0.003","0.000","0.000","0.000","0.000","0.000","0.000","0.000","0.000","0.000","0.000","0.000","0.000","0.000","0.000","0.000","0.000","0.000","0.000","0.000","0.000","0.000","0.000","0.000","0.000","0.000","0.000","0.000","0.000","0.000","0.000","0.000","0.000","0.000","0.000","0.000","0.000","0.000","0.000","0.000","0.000","0.000","0.000","0.000","0.000","0.000","0.000","0.000","0.000","0.000","0.000","0.000","0.000","0.000","0.000","0.000","0.000","0.000","0.000","0.000","0.000","0.000","0.000","0.000","0.000","0.000","0.000","0.000","0.000","0.000","0.000","0.000","0.000","0.000","0.000","0.000"
"200","30","PHARMACEUTICAL PRODUCTS","NEW CALEDONIA","0.000","0.000","0.000","0.000","0.000","0.000","0.000","0.000","0.000","0.000","0.000","0.000","0.000","0.000","0.000","0.000","0.000","0.000","0.000","0.000","0.000","0.000","0.000","0.000","0.000","0.000","0.000","0.000","0.000","0.000","0.000","0.000","0.000","0.000","0.000","0.000","0.000","0.000","0.030","0.004","0.000","0.000","0.001","0.000","0.000","0.000","0.000","0.000","0.002","0.000","0.000","0.000","0.000","0.000","0.000","0.000","0.015","0.002","0.000","0.000","0.000","0.000","0.000","0.000","0.000","0.000","0.000","0.000","0.000","0.000","0.000","0.000","0.000","0.000","0.000","0.000","0.000","0.000","0.000","0.000","0.000","0.000","0.000","0.000","0.000","0.000","0.000","0.000","0.000","0.000","0.000","0.000","0.000","0.000","0.000","0.000","0.000","0.000","0.000","0.000","0.000","0.000","0.000","0.000","0.006","0.001","0.000","0.000","0.000","0.000","0.000","0.000","0.000","0.000","0.000","0.000","0.018","0.003","0.000","0.000","0.000","0.000","0.527","0.068","0.006","0.001","0.000","0.000","0.000","0.000","0.000","0.000","0.009","0.001","0.000","0.000","0.000","0.000","0.002","0.000","0.000","0.000","0.007","0.001","0.000","0.000","0.000","0.000","0.000","0.000","0.000","0.000","0.000","0.000","0.000","0.000","0.000","0.000","0.000","0.000","0.000","0.000","0.000","0.000","0.000","0.000","0.000","0.000","0.000","0.000","0.000","0.000","0.000","0.000"
"201","30","PHARMACEUTICAL PRODUCTS","VIRGIN IS US","0.000","0.000","0.000","0.000","0.000","0.000","0.000","0.000","0.000","0.000","0.000","0.000","0.033","0.004","0.000","0.000","0.000","0.000","0.000","0.000","0.000","0.000","0.000","0.000","0.000","0.000","0.000","0.000","0.000","0.000","0.000","0.000","0.000","0.000","0.000","0.000","0.000","0.000","0.000","0.000","0.000","0.000","0.000","0.000","0.000","0.000","0.000","0.000","0.000","0.000","0.000","0.000","0.000","0.000","0.000","0.000","0.000","0.000","0.000","0.000","0.000","0.000","0.000","0.000","0.000","0.000","0.000","0.000","0.000","0.000","0.000","0.000","0.000","0.000","0.000","0.000","0.000","0.000","0.000","0.000","0.000","0.000","0.000","0.000","0.000","0.000","0.000","0.000","0.000","0.000","0.000","0.000","0.000","0.000","0.000","0.000","0.000","0.000","0.027","0.003","0.000","0.000","0.000","0.000","0.000","0.000","0.000","0.000","0.000","0.000","0.000","0.000","0.000","0.000","0.000","0.000","0.000","0.000","0.000","0.000","0.000","0.000","0.000","0.000","0.000","0.000","0.000","0.000","0.000","0.000","0.000","0.000","0.000","0.000","0.000","0.000","0.000","0.000","0.000","0.000","0.000","0.000","0.000","0.000","0.000","0.000","0.000","0.000","0.000","0.000","0.000","0.000","0.000","0.000","0.000","0.000","0.000","0.000","0.000","0.000","0.000","0.000","0.000","0.000","0.000","0.000","0.000","0.000","0.000","0.000","0.000","0.000","0.000","0.000"
"202","30","PHARMACEUTICAL PRODUCTS","CHRISTMAS IS.","0.000","0.000","0.000","0.000","0.000","0.000","0.000","0.000","0.000","0.000","0.000","0.000","0.000","0.000","0.000","0.000","0.000","0.000","0.000","0.000","0.000","0.000","0.000","0.000","0.000","0.000","0.000","0.000","0.000","0.000","0.000","0.000","0.000","0.000","0.000","0.000","0.000","0.000","0.000","0.000","0.000","0.000","0.000","0.000","0.000","0.000","0.000","0.000","0.000","0.000","0.000","0.000","0.000","0.000","0.000","0.000","0.000","0.000","0.000","0.000","0.000","0.000","0.000","0.000","0.000","0.000","0.000","0.000","0.000","0.000","0.000","0.000","0.000","0.000","0.000","0.000","0.000","0.000","0.000","0.000","0.000","0.000","0.000","0.000","0.000","0.000","0.000","0.000","0.000","0.000","0.000","0.000","0.000","0.000","0.000","0.000","0.000","0.000","0.000","0.000","0.000","0.000","0.000","0.000","0.000","0.000","0.000","0.000","0.000","0.000","0.000","0.000","0.000","0.000","0.000","0.000","0.000","0.000","0.000","0.000","0.000","0.000","0.000","0.000","0.000","0.000","0.000","0.000","0.000","0.000","0.000","0.000","0.000","0.000","0.000","0.000","0.000","0.000","0.000","0.000","0.000","0.000","0.000","0.000","0.000","0.000","0.000","0.000","0.000","0.000","0.000","0.000","0.000","0.000","0.028","0.003","0.000","0.000","0.000","0.000","0.000","0.000","0.000","0.000","0.000","0.000","0.000","0.000","0.000","0.000","0.000","0.000","0.000","0.000"
"203","30","PHARMACEUTICAL PRODUCTS","FR POLYNESIA","0.000","0.000","0.000","0.000","0.000","0.000","0.000","0.000","0.000","0.000","0.000","0.000","0.000","0.000","0.000","0.000","0.000","0.000","0.000","0.000","0.000","0.000","0.000","0.000","0.000","0.000","0.000","0.000","0.000","0.000","0.000","0.000","0.000","0.000","0.000","0.000","0.000","0.000","0.000","0.000","0.000","0.000","0.000","0.000","0.000","0.000","0.000","0.000","0.000","0.000","0.000","0.000","0.000","0.000","0.000","0.000","0.000","0.000","0.000","0.000","0.000","0.000","0.000","0.000","0.000","0.000","0.000","0.000","0.000","0.000","0.000","0.000","0.000","0.000","0.000","0.000","0.000","0.000","0.000","0.000","0.000","0.000","0.000","0.000","0.000","0.000","0.000","0.000","0.000","0.000","0.005","0.001","0.000","0.000","0.000","0.000","0.000","0.000","0.000","0.000","0.000","0.000","0.000","0.000","0.000","0.000","0.000","0.000","0.000","0.000","0.000","0.000","0.000","0.000","0.005","0.001","0.000","0.000","0.000","0.000","0.000","0.000","0.000","0.000","0.000","0.000","0.000","0.000","0.000","0.000","0.000","0.000","0.000","0.000","0.000","0.000","0.000","0.000","0.000","0.000","0.000","0.000","0.000","0.000","0.000","0.000","0.015","0.002","0.000","0.000","0.000","0.000","0.000","0.000","0.000","0.000","0.012","0.001","0.008","0.001","0.000","0.000","0.015","0.002","0.000","0.000","0.000","0.000","0.000","0.000","0.000","0.000","0.051","0.006"
"204","30","PHARMACEUTICAL PRODUCTS","ANDORRA","0.000","0.000","0.000","0.000","0.000","0.000","0.000","0.000","0.000","0.000","0.000","0.000","0.000","0.000","0.000","0.000","0.000","0.000","0.020","0.003","0.000","0.000","0.000","0.000","0.000","0.000","0.000","0.000","0.000","0.000","0.000","0.000","0.000","0.000","0.000","0.000","0.000","0.000","0.000","0.000","0.000","0.000","0.000","0.000","0.000","0.000","0.011","0.002","0.000","0.000","0.000","0.000","0.000","0.000","0.000","0.000","0.000","0.000","0.000","0.000","0.000","0.000","0.000","0.000","0.000","0.000","0.000","0.000","0.000","0.000","0.000","0.000","0.000","0.000","0.005","0.001","0.000","0.000","0.000","0.000","0.000","0.000","0.000","0.000","0.000","0.000","0.003","0.000","0.000","0.000","0.000","0.000","0.000","0.000","0.000","0.000","0.000","0.000","0.000","0.000","0.000","0.000","0.000","0.000","0.000","0.000","0.000","0.000","0.046","0.006","0.000","0.000","0.000","0.000","0.000","0.000","0.000","0.000","0.000","0.000","0.000","0.000","0.000","0.000","0.000","0.000","0.000","0.000","0.000","0.000","0.000","0.000","0.000","0.000","0.000","0.000","0.000","0.000","0.000","0.000","0.000","0.000","0.000","0.000","0.000","0.000","0.000","0.000","0.000","0.000","0.006","0.001","0.000","0.000","0.000","0.000","0.000","0.000","0.000","0.000","0.000","0.000","0.000","0.000","0.000","0.000","0.000","0.000","0.000","0.000","0.000","0.000","0.000","0.000"
"205","30","PHARMACEUTICAL PRODUCTS","JERSEY","0.000","0.000","0.000","0.000","0.000","0.000","0.000","0.000","0.000","0.000","0.000","0.000","0.000","0.000","0.000","0.000","0.000","0.000","0.000","0.000","0.000","0.000","0.000","0.000","0.000","0.000","0.000","0.000","0.000","0.000","0.000","0.000","0.000","0.000","0.000","0.000","0.000","0.000","0.000","0.000","0.000","0.000","0.000","0.000","0.000","0.000","0.000","0.000","0.000","0.000","0.000","0.000","0.000","0.000","0.000","0.000","0.000","0.000","0.000","0.000","0.000","0.000","0.000","0.000","0.000","0.000","0.000","0.000","0.000","0.000","0.000","0.000","0.000","0.000","0.000","0.000","0.000","0.000","0.000","0.000","0.000","0.000","0.000","0.000","0.000","0.000","0.000","0.000","0.000","0.000","0.000","0.000","0.000","0.000","0.000","0.000","0.000","0.000","0.000","0.000","0.000","0.000","0.000","0.000","0.000","0.000","0.000","0.000","0.000","0.000","0.000","0.000","0.000","0.000","0.000","0.000","0.000","0.000","0.000","0.000","0.000","0.000","0.000","0.000","0.000","0.000","0.000","0.000","0.000","0.000","0.000","0.000","0.000","0.000","0.000","0.000","0.000","0.000","0.000","0.000","0.000","0.000","0.000","0.000","0.000","0.000","0.000","0.000","0.000","0.000","0.000","0.000","0.000","0.000","0.000","0.000","0.000","0.000","0.000","0.000","0.000","0.000","0.000","0.000","0.000","0.000","0.000","0.000","0.000","0.000","0.000","0.000","0.000","0.000"
"206","30","PHARMACEUTICAL PRODUCTS","MONTSERRAT","0.000","0.000","0.000","0.000","0.028","0.004","0.064","0.008","0.011","0.001","0.002","0.000","0.000","0.000","0.000","0.000","0.000","0.000","0.000","0.000","0.000","0.000","0.004","0.000","0.000","0.000","0.000","0.000","0.017","0.002","0.006","0.001","0.000","0.000","0.000","0.000","0.000","0.000","0.000","0.000","0.001","0.000","0.009","0.001","0.008","0.001","0.000","0.000","0.000","0.000","0.037","0.005","0.029","0.003","0.002","0.000","0.000","0.000","0.000","0.000","0.000","0.000","0.000","0.000","0.000","0.000","0.000","0.000","0.000","0.000","0.042","0.005","0.000","0.000","0.000","0.000","0.000","0.000","0.000","0.000","0.000","0.000","0.000","0.000","0.002","0.000","0.000","0.000","0.012","0.002","0.000","0.000","0.000","0.000","0.003","0.000","0.002","0.000","0.004","0.000","0.091","0.010","0.000","0.000","0.026","0.004","0.011","0.001","0.001","0.000","0.003","0.000","0.022","0.003","0.005","0.001","0.000","0.000","0.000","0.000","0.000","0.000","0.000","0.000","0.000","0.000","0.000","0.000","0.002","0.000","0.000","0.000","0.005","0.001","0.000","0.000","0.004","0.001","0.000","0.000","0.000","0.000","0.000","0.000","0.003","0.000","0.012","0.002","0.016","0.002","0.000","0.000","0.008","0.001","0.035","0.004","0.020","0.002","0.001","0.000","0.000","0.000","0.000","0.000","0.012","0.002","0.002","0.000","0.001","0.000","0.000","0.000","0.000","0.000"
"207","30","PHARMACEUTICAL PRODUCTS","MONACO","0.000","0.000","0.000","0.000","0.000","0.000","0.000","0.000","0.000","0.000","0.000","0.000","0.000","0.000","0.000","0.000","0.000","0.000","0.000","0.000","0.000","0.000","0.000","0.000","0.000","0.000","0.000","0.000","0.000","0.000","0.000","0.000","0.000","0.000","0.000","0.000","0.000","0.000","0.000","0.000","0.000","0.000","0.000","0.000","0.000","0.000","0.000","0.000","0.000","0.000","0.000","0.000","0.000","0.000","0.000","0.000","0.000","0.000","0.000","0.000","0.000","0.000","0.000","0.000","0.000","0.000","0.000","0.000","0.000","0.000","0.000","0.000","0.000","0.000","0.000","0.000","0.000","0.000","0.000","0.000","0.000","0.000","0.000","0.000","0.000","0.000","0.000","0.000","0.000","0.000","0.000","0.000","0.000","0.000","0.000","0.000","0.000","0.000","0.000","0.000","0.000","0.000","0.001","0.000","0.000","0.000","0.000","0.000","0.000","0.000","0.000","0.000","0.000","0.000","0.000","0.000","0.000","0.000","0.000","0.000","0.000","0.000","0.000","0.000","0.000","0.000","0.000","0.000","0.000","0.000","0.000","0.000","0.000","0.000","0.000","0.000","0.000","0.000","0.044","0.005","0.000","0.000","0.000","0.000","0.000","0.000","0.000","0.000","0.000","0.000","0.000","0.000","0.000","0.000","0.000","0.000","0.000","0.000","0.000","0.000","0.000","0.000","0.000","0.000","0.000","0.000","0.000","0.000","0.000","0.000","0.000","0.000","0.000","0.000"
"208","30","PHARMACEUTICAL PRODUCTS","AMERI SAMOA","0.000","0.000","0.000","0.000","0.000","0.000","0.000","0.000","0.000","0.000","0.000","0.000","0.000","0.000","0.000","0.000","0.000","0.000","0.000","0.000","0.000","0.000","0.000","0.000","0.000","0.000","0.000","0.000","0.000","0.000","0.000","0.000","0.022","0.003","0.000","0.000","0.000","0.000","0.000","0.000","0.000","0.000","0.000","0.000","0.051","0.007","0.000","0.000","0.000","0.000","0.000","0.000","0.000","0.000","0.000","0.000","0.000","0.000","0.000","0.000","0.000","0.000","0.000","0.000","0.000","0.000","0.000","0.000","0.000","0.000","0.010","0.001","0.000","0.000","0.000","0.000","0.000","0.000","0.000","0.000","0.000","0.000","0.000","0.000","0.000","0.000","0.000","0.000","0.000","0.000","0.000","0.000","0.000","0.000","0.000","0.000","0.000","0.000","0.000","0.000","0.000","0.000","0.000","0.000","0.000","0.000","0.000","0.000","0.000","0.000","0.000","0.000","0.000","0.000","0.000","0.000","0.000","0.000","0.000","0.000","0.000","0.000","0.000","0.000","0.000","0.000","0.000","0.000","0.004","0.000","0.000","0.000","0.000","0.000","0.000","0.000","0.000","0.000","0.000","0.000","0.000","0.000","0.000","0.000","0.000","0.000","0.000","0.000","0.000","0.000","0.000","0.000","0.000","0.000","0.000","0.000","0.000","0.000","0.000","0.000","0.000","0.000","0.000","0.000","0.000","0.000","0.000","0.000","0.000","0.000","0.000","0.000","0.000","0.000"
"209","30","PHARMACEUTICAL PRODUCTS","REUNION","0.000","0.000","0.000","0.000","0.015","0.002","0.000","0.000","0.016","0.002","0.095","0.011","0.050","0.006","0.122","0.013","0.017","0.002","0.021","0.003","0.000","0.000","0.006","0.001","0.000","0.000","0.000","0.000","0.073","0.008","0.026","0.004","0.021","0.003","0.006","0.001","0.014","0.002","0.000","0.000","0.014","0.002","0.005","0.001","0.017","0.002","0.000","0.000","0.011","0.001","0.014","0.002","0.009","0.001","0.013","0.001","0.000","0.000","0.000","0.000","0.026","0.004","0.005","0.001","0.033","0.004","0.000","0.000","0.004","0.000","0.073","0.008","0.008","0.001","0.011","0.002","0.018","0.002","0.013","0.002","0.021","0.002","0.000","0.000","0.005","0.001","0.025","0.004","0.007","0.001","0.001","0.000","0.019","0.002","0.000","0.000","0.000","0.000","0.011","0.001","0.005","0.000","0.000","0.000","0.000","0.000","0.046","0.006","0.001","0.000","0.000","0.000","0.000","0.000","0.000","0.000","0.000","0.000","0.000","0.000","0.003","0.000","0.000","0.000","0.000","0.000","0.008","0.001","0.005","0.001","0.040","0.004","0.007","0.001","0.033","0.004","0.016","0.002","0.000","0.000","0.041","0.005","0.000","0.000","0.000","0.000","0.003","0.000","0.020","0.003","0.000","0.000","0.000","0.000","0.000","0.000","0.006","0.001","0.027","0.003","0.036","0.005","0.045","0.006","0.047","0.006","0.016","0.002","0.037","0.004","0.141","0.017","0.069","0.008"
"210","30","PHARMACEUTICAL PRODUCTS","UNSPECIFIED","0.000","0.000","0.000","0.000","0.000","0.000","0.000","0.000","0.055","0.007","0.000","0.000","0.674","0.079","6.448","0.689","0.000","0.000","0.000","0.000","0.066","0.009","0.000","0.000","0.037","0.004","0.264","0.031","1.255","0.143","0.000","0.000","0.000","0.000","0.000","0.000","5.541","0.672","0.146","0.017","0.719","0.085","1.844","0.205","0.002","0.000","0.000","0.000","0.000","0.000","3.686","0.446","0.000","0.000","0.591","0.068","1.955","0.215","0.000","0.000","0.000","0.000","0.000","0.000","0.667","0.081","0.000","0.000","8.074","0.936","2.644","0.291","0.000","0.000","0.000","0.000","0.014","0.002","0.030","0.004","0.000","0.000","0.432","0.052","7.481","0.869","0.000","0.000","0.000","0.000","0.000","0.000","0.016","0.002","0.000","0.000","4.726","0.566","1.031","0.120","9.611","1.012","0.000","0.000","0.002","0.000","0.041","0.005","0.172","0.021","0.000","0.000","0.251","0.029","5.012","0.540","0.000","0.000","0.000","0.000","0.007","0.001","0.000","0.000","0.137","0.017","0.005","0.001","2.118","0.249","4.226","0.442","0.000","0.000","1.542","0.208","5.982","0.803","0.000","0.000","0.000","0.000","0.197","0.023","0.868","0.098","0.000","0.000","0.259","0.035","0.000","0.000","0.265","0.032","0.270","0.032","0.357","0.043","1.141","0.129","0.000","0.000","0.000","0.000","0.012","0.002","0.000","0.000","0.000","0.000","0.185","0.022","0.961","0.109"
"211","30","PHARMACEUTICAL PRODUCTS","PACIFIC IS","0.000","0.000","0.000","0.000","0.000","0.000","0.000","0.000","0.000","0.000","0.000","0.000","0.000","0.000","0.000","0.000","0.000","0.000","0.000","0.000","0.000","0.000","0.000","0.000","0.000","0.000","0.000","0.000","0.000","0.000","0.000","0.000","0.000","0.000","0.000","0.000","0.000","0.000","0.000","0.000","0.000","0.000","0.000","0.000","0.000","0.000","0.000","0.000","0.000","0.000","0.000","0.000","0.000","0.000","0.000","0.000","0.000","0.000","0.000","0.000","0.000","0.000","0.000","0.000","0.000","0.000","0.000","0.000","0.000","0.000","0.000","0.000","0.000","0.000","0.000","0.000","0.000","0.000","0.000","0.000","0.000","0.000","0.000","0.000","0.000","0.000","0.000","0.000","0.000","0.000","0.000","0.000","0.000","0.000","0.000","0.000","0.000","0.000","0.000","0.000","0.000","0.000","0.000","0.000","0.000","0.000","0.000","0.000","0.000","0.000","0.000","0.000","0.000","0.000","0.000","0.000","0.000","0.000","0.000","0.000","0.000","0.000","2.248","0.291","0.000","0.000","0.000","0.000","0.000","0.000","0.000","0.000","0.000","0.000","0.000","0.000","0.000","0.000","0.000","0.000","0.000","0.000","0.000","0.000","0.000","0.000","0.000","0.000","0.000","0.000","0.000","0.000","0.000","0.000","0.000","0.000","0.000","0.000","0.000","0.000","0.000","0.000","0.000","0.000","0.000","0.000","0.000","0.000","0.000","0.000","0.000","0.000","0.000","0.000"
"212","30","PHARMACEUTICAL PRODUCTS","SAN MARINO","0.000","0.000","0.000","0.000","0.000","0.000","0.000","0.000","0.000","0.000","0.000","0.000","0.000","0.000","0.000","0.000","0.000","0.000","0.000","0.000","0.271","0.037","0.000","0.000","0.000","0.000","0.000","0.000","0.000","0.000","0.000","0.000","0.000","0.000","0.000","0.000","0.000","0.000","0.000","0.000","0.000","0.000","0.000","0.000","0.000","0.000","0.000","0.000","0.000","0.000","0.000","0.000","0.000","0.000","0.000","0.000","0.000","0.000","0.000","0.000","0.142","0.019","0.000","0.000","0.000","0.000","0.000","0.000","0.000","0.000","0.000","0.000","0.000","0.000","0.000","0.000","0.000","0.000","0.000","0.000","0.000","0.000","0.000","0.000","0.000","0.000","0.000","0.000","0.000","0.000","0.000","0.000","0.000","0.000","0.000","0.000","0.000","0.000","0.000","0.000","0.000","0.000","0.000","0.000","0.000","0.000","0.000","0.000","0.000","0.000","0.000","0.000","0.000","0.000","0.000","0.000","0.000","0.000","0.000","0.000","0.000","0.000","0.000","0.000","0.000","0.000","0.000","0.000","0.000","0.000","0.000","0.000","0.000","0.000","0.000","0.000","0.000","0.000","0.000","0.000","0.000","0.000","0.000","0.000","0.000","0.000","0.000","0.000","0.000","0.000","0.000","0.000","0.000","0.000","0.000","0.000","0.000","0.000","0.011","0.001","0.000","0.000","0.000","0.000","0.265","0.036","0.000","0.000","0.000","0.000","0.000","0.000","0.000","0.000"
"213","30","PHARMACEUTICAL PRODUCTS","SAO TOME","0.000","0.000","0.000","0.000","0.425","0.057","0.141","0.019","0.178","0.022","0.032","0.004","0.000","0.000","0.154","0.016","0.019","0.003","0.017","0.002","0.239","0.032","0.001","0.000","0.017","0.002","0.082","0.010","0.068","0.008","0.039","0.005","0.000","0.000","0.000","0.000","0.002","0.000","0.452","0.054","0.141","0.017","0.000","0.000","0.001","0.000","0.329","0.045","0.000","0.000","0.000","0.000","0.000","0.000","0.001","0.000","0.211","0.023","0.000","0.000","0.004","0.001","0.000","0.000","0.001","0.000","0.001","0.000","0.061","0.007","0.032","0.004","0.374","0.054","0.356","0.047","0.414","0.055","0.074","0.009","0.083","0.010","0.028","0.003","0.172","0.020","0.000","0.000","0.214","0.028","0.238","0.032","0.077","0.010","0.173","0.021","0.112","0.013","0.235","0.027","0.271","0.029","0.048","0.006","1.242","0.171","0.641","0.084","0.233","0.028","0.055","0.007","0.173","0.020","0.000","0.000","0.000","0.000","0.000","0.000","0.001","0.000","0.596","0.077","0.851","0.103","0.086","0.010","0.038","0.005","0.051","0.005","0.008","0.001","0.150","0.020","0.000","0.000","0.000","0.000","0.831","0.100","0.121","0.014","0.176","0.020","0.000","0.000","0.000","0.000","0.018","0.002","0.000","0.000","0.541","0.065","0.000","0.000","0.000","0.000","0.056","0.008","0.025","0.003","0.032","0.004","0.111","0.014","0.000","0.000","0.000","0.000","0.000","0.000"
"214","30","PHARMACEUTICAL PRODUCTS","COOK IS","0.000","0.000","0.000","0.000","0.000","0.000","0.000","0.000","0.000","0.000","0.000","0.000","0.000","0.000","0.001","0.000","0.000","0.000","0.000","0.000","0.000","0.000","0.000","0.000","0.000","0.000","0.000","0.000","0.000","0.000","0.000","0.000","0.000","0.000","0.000","0.000","0.000","0.000","0.000","0.000","0.000","0.000","0.000","0.000","0.000","0.000","0.000","0.000","0.000","0.000","0.000","0.000","0.000","0.000","0.000","0.000","0.000","0.000","0.000","0.000","0.000","0.000","0.000","0.000","0.000","0.000","0.000","0.000","0.000","0.000","0.000","0.000","0.000","0.000","0.000","0.000","0.000","0.000","0.000","0.000","0.000","0.000","0.000","0.000","0.000","0.000","0.000","0.000","0.000","0.000","0.001","0.000","0.000","0.000","0.000","0.000","0.000","0.000","0.000","0.000","0.000","0.000","0.000","0.000","0.000","0.000","0.000","0.000","0.000","0.000","0.000","0.000","0.000","0.000","0.000","0.000","0.000","0.000","0.000","0.000","0.000","0.000","0.000","0.000","0.000","0.000","0.000","0.000","0.000","0.000","0.000","0.000","0.000","0.000","0.000","0.000","0.000","0.000","0.000","0.000","0.000","0.000","0.000","0.000","0.000","0.000","0.000","0.000","0.000","0.000","0.000","0.000","0.000","0.000","0.000","0.000","0.000","0.000","0.000","0.000","0.000","0.000","0.000","0.000","0.000","0.000","0.000","0.000","0.000","0.000","0.000","0.000","0.000","0.000"
"215","30","PHARMACEUTICAL PRODUCTS","SAHARWI A.DM RP","0.000","0.000","0.000","0.000","0.000","0.000","0.000","0.000","0.000","0.000","0.000","0.000","0.000","0.000","0.000","0.000","0.000","0.000","0.000","0.000","0.000","0.000","0.000","0.000","0.000","0.000","0.017","0.002","0.000","0.000","0.000","0.000","0.000","0.000","0.000","0.000","0.000","0.000","0.000","0.000","0.000","0.000","0.000","0.000","0.000","0.000","0.000","0.000","0.000","0.000","0.000","0.000","0.000","0.000","0.000","0.000","0.000","0.000","0.000","0.000","0.000","0.000","0.000","0.000","0.000","0.000","0.000","0.000","0.000","0.000","0.000","0.000","0.000","0.000","0.000","0.000","0.000","0.000","0.000","0.000","0.000","0.000","0.000","0.000","0.000","0.000","0.000","0.000","0.000","0.000","0.000","0.000","0.000","0.000","0.000","0.000","0.000","0.000","0.000","0.000","0.000","0.000","0.000","0.000","0.000","0.000","0.000","0.000","0.000","0.000","0.000","0.000","0.000","0.000","0.000","0.000","0.000","0.000","0.000","0.000","0.000","0.000","0.000","0.000","0.000","0.000","0.000","0.000","0.000","0.000","0.000","0.000","0.000","0.000","0.000","0.000","0.000","0.000","0.000","0.000","0.000","0.000","0.000","0.000","0.000","0.000","0.000","0.000","0.000","0.000","0.000","0.000","0.000","0.000","0.000","0.000","0.000","0.000","0.000","0.000","0.000","0.000","0.000","0.000","0.000","0.000","0.000","0.000","0.000","0.000","0.000","0.000","0.000","0.000"
"216","30","PHARMACEUTICAL PRODUCTS","N. MARIANA IS.","0.000","0.000","0.000","0.000","0.000","0.000","0.000","0.000","0.000","0.000","0.000","0.000","0.000","0.000","0.000","0.000","0.000","0.000","0.000","0.000","0.000","0.000","0.000","0.000","0.000","0.000","0.000","0.000","0.000","0.000","0.000","0.000","0.000","0.000","0.000","0.000","0.000","0.000","0.000","0.000","0.000","0.000","0.000","0.000","0.000","0.000","0.000","0.000","0.000","0.000","0.006","0.001","0.000","0.000","0.000","0.000","0.000","0.000","0.000","0.000","0.000","0.000","0.000","0.000","0.000","0.000","0.000","0.000","0.000","0.000","0.000","0.000","0.000","0.000","0.000","0.000","0.000","0.000","0.000","0.000","0.000","0.000","0.000","0.000","0.000","0.000","0.000","0.000","0.000","0.000","0.000","0.000","0.000","0.000","0.000","0.000","0.000","0.000","0.000","0.000","0.000","0.000","0.092","0.012","0.000","0.000","0.000","0.000","0.000","0.000","0.004","0.001","0.000","0.000","0.000","0.000","0.000","0.000","0.000","0.000","0.000","0.000","0.000","0.000","0.000","0.000","0.000","0.000","0.000","0.000","0.000","0.000","0.000","0.000","0.000","0.000","0.000","0.000","0.000","0.000","0.000","0.000","0.000","0.000","0.000","0.000","0.000","0.000","0.000","0.000","0.000","0.000","0.000","0.000","0.000","0.000","0.000","0.000","0.000","0.000","0.000","0.000","0.000","0.000","0.000","0.000","0.000","0.000","0.000","0.000","0.000","0.000","0.011","0.001"
"217","30","PHARMACEUTICAL PRODUCTS","TUVALU","0.000","0.000","0.000","0.000","0.000","0.000","0.000","0.000","0.000","0.000","0.000","0.000","0.011","0.001","0.007","0.001","0.000","0.000","0.000","0.000","0.000","0.000","0.000","0.000","0.000","0.000","0.000","0.000","0.000","0.000","0.000","0.000","0.000","0.000","0.000","0.000","0.000","0.000","0.055","0.007","0.000","0.000","0.004","0.000","0.000","0.000","0.000","0.000","0.031","0.004","0.000","0.000","0.000","0.000","0.000","0.000","0.000","0.000","0.000","0.000","0.000","0.000","0.689","0.092","0.000","0.000","0.000","0.000","0.000","0.000","0.000","0.000","0.000","0.000","0.000","0.000","0.000","0.000","0.000","0.000","0.000","0.000","0.000","0.000","0.040","0.005","0.000","0.000","0.000","0.000","0.000","0.000","0.034","0.004","0.000","0.000","0.000","0.000","0.000","0.000","0.008","0.001","0.000","0.000","0.000","0.000","0.002","0.000","0.000","0.000","0.000","0.000","0.000","0.000","0.000","0.000","0.000","0.000","0.000","0.000","0.000","0.000","0.179","0.023","0.000","0.000","0.000","0.000","0.000","0.000","0.000","0.000","0.000","0.000","0.000","0.000","0.000","0.000","0.000","0.000","0.000","0.000","0.000","0.000","0.000","0.000","0.000","0.000","0.000","0.000","0.000","0.000","0.000","0.000","0.012","0.001","0.006","0.001","0.000","0.000","0.006","0.001","0.000","0.000","0.000","0.000","0.000","0.000","0.000","0.000","0.000","0.000","0.000","0.000"
"218","30","PHARMACEUTICAL PRODUCTS","MARTINIQUE","0.000","0.000","0.000","0.000","0.000","0.000","0.000","0.000","0.000","0.000","0.000","0.000","0.000","0.000","0.000","0.000","0.000","0.000","0.000","0.000","0.000","0.000","0.000","0.000","0.062","0.008","0.000","0.000","0.000","0.000","0.000","0.000","0.000","0.000","0.061","0.008","0.000","0.000","0.000","0.000","0.000","0.000","0.000","0.000","0.003","0.000","0.000","0.000","0.000","0.000","0.000","0.000","0.000","0.000","0.000","0.000","0.000","0.000","0.000","0.000","0.000","0.000","0.000","0.000","0.000","0.000","0.005","0.001","0.000","0.000","0.000","0.000","0.000","0.000","0.000","0.000","0.000","0.000","0.000","0.000","0.000","0.000","0.000","0.000","0.000","0.000","0.000","0.000","0.000","0.000","0.021","0.003","0.000","0.000","0.000","0.000","0.047","0.006","0.000","0.000","0.000","0.000","0.000","0.000","0.000","0.000","0.000","0.000","0.045","0.005","0.000","0.000","0.051","0.006","0.031","0.003","0.000","0.000","0.000","0.000","0.000","0.000","0.000","0.000","0.000","0.000","0.000","0.000","0.000","0.000","0.000","0.000","0.000","0.000","0.027","0.004","0.000","0.000","0.000","0.000","0.000","0.000","0.008","0.001","0.000","0.000","0.056","0.008","0.000","0.000","0.000","0.000","0.000","0.000","0.000","0.000","0.000","0.000","0.000","0.000","0.000","0.000","0.000","0.000","0.000","0.000","0.000","0.000","0.000","0.000","0.000","0.000","0.000","0.000"
"219","30","PHARMACEUTICAL PRODUCTS","MARSHALL ISLAND","0.000","0.000","0.000","0.000","0.000","0.000","0.023","0.003","0.070","0.009","0.000","0.000","0.056","0.007","0.000","0.000","0.000","0.000","0.030","0.004","0.000","0.000","0.044","0.006","0.000","0.000","0.051","0.006","0.000","0.000","0.020","0.003","0.000","0.000","0.000","0.000","0.103","0.012","0.040","0.005","0.110","0.013","0.183","0.020","0.001","0.000","0.000","0.000","0.030","0.004","0.070","0.008","0.000","0.000","0.080","0.009","0.009","0.001","0.025","0.003","1.032","0.141","0.000","0.000","0.000","0.000","0.000","0.000","0.006","0.001","0.127","0.014","0.002","0.000","0.000","0.000","0.115","0.015","0.166","0.021","0.100","0.012","0.006","0.001","0.056","0.006","0.036","0.005","0.000","0.000","0.126","0.017","0.395","0.051","0.000","0.000","0.000","0.000","0.025","0.003","0.005","0.001","0.071","0.010","0.255","0.035","0.000","0.000","0.000","0.000","0.052","0.006","0.040","0.005","0.178","0.019","0.013","0.002","0.000","0.000","5.795","0.791","0.000","0.000","0.058","0.007","0.024","0.003","0.000","0.000","0.000","0.000","0.024","0.003","0.000","0.000","0.000","0.000","0.090","0.011","0.104","0.012","0.003","0.000","0.073","0.008","0.002","0.000","0.031","0.004","0.031","0.004","0.000","0.000","0.002","0.000","0.125","0.015","0.031","0.003","0.000","0.000","0.000","0.000","0.041","0.006","0.046","0.006","0.000","0.000","0.000","0.000","0.046","0.005"
"220","30","PHARMACEUTICAL PRODUCTS","GUADELOUPE","0.000","0.000","0.000","0.000","0.000","0.000","0.000","0.000","0.000","0.000","0.000","0.000","0.000","0.000","0.000","0.000","0.000","0.000","0.024","0.003","0.001","0.000","0.000","0.000","0.018","0.002","0.000","0.000","0.000","0.000","0.000","0.000","0.000","0.000","0.371","0.049","0.000","0.000","0.000","0.000","0.000","0.000","0.000","0.000","0.000","0.000","0.000","0.000","0.000","0.000","0.000","0.000","0.000","0.000","0.000","0.000","0.000","0.000","0.000","0.000","0.000","0.000","0.000","0.000","0.010","0.001","0.000","0.000","0.000","0.000","0.014","0.002","0.021","0.003","0.000","0.000","0.000","0.000","0.000","0.000","0.000","0.000","0.000","0.000","0.000","0.000","0.000","0.000","0.000","0.000","0.010","0.001","0.000","0.000","0.000","0.000","0.000","0.000","0.000","0.000","0.000","0.000","0.000","0.000","0.075","0.010","0.000","0.000","0.000","0.000","0.009","0.001","0.000","0.000","0.000","0.000","0.000","0.000","0.000","0.000","0.000","0.000","0.000","0.000","0.000","0.000","0.000","0.000","0.000","0.000","0.000","0.000","0.282","0.039","0.000","0.000","0.000","0.000","0.000","0.000","0.000","0.000","0.027","0.003","0.000","0.000","0.337","0.047","0.000","0.000","0.012","0.002","0.000","0.000","0.000","0.000","0.000","0.000","0.000","0.000","0.000","0.000","0.000","0.000","0.021","0.003","0.000","0.000","0.005","0.001","0.007","0.001","0.000","0.000"
"221","30","PHARMACEUTICAL PRODUCTS","FR GUIANA","0.000","0.000","0.000","0.000","0.000","0.000","0.000","0.000","0.000","0.000","0.000","0.000","0.000","0.000","0.000","0.000","0.000","0.000","0.000","0.000","0.000","0.000","0.000","0.000","0.000","0.000","0.000","0.000","0.000","0.000","0.000","0.000","0.000","0.000","0.000","0.000","0.000","0.000","0.000","0.000","0.000","0.000","0.000","0.000","0.000","0.000","0.000","0.000","0.000","0.000","0.000","0.000","0.000","0.000","0.000","0.000","0.000","0.000","0.000","0.000","0.000","0.000","0.000","0.000","0.000","0.000","0.000","0.000","0.000","0.000","0.000","0.000","0.000","0.000","0.000","0.000","0.000","0.000","0.000","0.000","0.002","0.000","0.000","0.000","0.000","0.000","0.000","0.000","0.000","0.000","0.000","0.000","0.000","0.000","0.000","0.000","0.000","0.000","0.000","0.000","0.000","0.000","0.000","0.000","0.007","0.001","0.000","0.000","0.023","0.003","0.000","0.000","0.000","0.000","0.000","0.000","0.000","0.000","0.000","0.000","0.000","0.000","0.000","0.000","0.000","0.000","0.000","0.000","0.000","0.000","0.000","0.000","0.000","0.000","0.000","0.000","0.000","0.000","0.010","0.001","0.000","0.000","0.000","0.000","0.000","0.000","0.000","0.000","0.000","0.000","0.000","0.000","0.000","0.000","0.000","0.000","0.000","0.000","0.000","0.000","0.000","0.000","0.000","0.000","0.000","0.000","0.000","0.000","0.000","0.000","0.000","0.000","0.000","0.000"
"222","30","PHARMACEUTICAL PRODUCTS","SINT MAARTEN (DUTCH PART)","0.000","0.000","0.013","0.002","0.000","0.000","0.000","0.000","0.000","0.000","0.000","0.000","0.000","0.000","0.000","0.000","0.000","0.000","0.000","0.000","0.000","0.000","0.000","0.000","0.000","0.000","0.000","0.000","0.000","0.000","0.000","0.000","0.000","0.000","0.000","0.000","0.000","0.000","0.000","0.000","0.000","0.000","0.000","0.000","0.000","0.000","0.000","0.000","0.000","0.000","0.000","0.000","0.000","0.000","0.000","0.000","0.000","0.000","0.000","0.000","0.000","0.000","0.000","0.000","0.000","0.000","0.000","0.000","0.000","0.000","0.000","0.000","0.000","0.000","0.000","0.000","0.000","0.000","0.000","0.000","0.000","0.000","0.000","0.000","0.000","0.000","0.000","0.000","0.000","0.000","0.000","0.000","0.000","0.000","0.000","0.000","0.000","0.000","0.000","0.000","0.000","0.000","0.000","0.000","0.000","0.000","0.000","0.000","0.000","0.000","0.000","0.000","0.000","0.000","0.000","0.000","0.000","0.000","0.000","0.000","0.000","0.000","0.000","0.000","0.000","0.000","0.000","0.000","0.000","0.000","0.000","0.000","0.000","0.000","0.000","0.000","0.000","0.000","0.000","0.000","0.000","0.000","0.000","0.000","0.000","0.000","0.000","0.000","0.000","0.000","0.000","0.000","0.000","0.000","0.000","0.000","0.000","0.000","0.000","0.000","0.000","0.000","0.000","0.000","0.000","0.000","0.000","0.000","0.000","0.000","0.000","0.000","0.000","0.000"
"223","30","PHARMACEUTICAL PRODUCTS","LIECHTENSTEIN","0.000","0.000","0.000","0.000","0.000","0.000","0.000","0.000","0.000","0.000","0.000","0.000","0.000","0.000","0.000","0.000","0.000","0.000","0.091","0.012","0.000","0.000","0.000","0.000","0.000","0.000","0.000","0.000","0.000","0.000","0.087","0.012","0.000","0.000","0.065","0.009","0.000","0.000","0.186","0.022","0.000","0.000","0.000","0.000","0.087","0.012","0.000","0.000","0.000","0.000","0.000","0.000","0.000","0.000","0.000","0.000","0.000","0.000","0.000","0.000","0.000","0.000","0.000","0.000","0.000","0.000","0.000","0.000","0.000","0.000","0.000","0.000","0.000","0.000","0.000","0.000","0.000","0.000","0.000","0.000","0.000","0.000","0.000","0.000","0.000","0.000","0.000","0.000","0.000","0.000","0.000","0.000","0.103","0.013","0.000","0.000","0.000","0.000","0.000","0.000","0.000","0.000","0.000","0.000","0.083","0.011","0.104","0.014","0.113","0.014","0.000","0.000","0.000","0.000","0.000","0.000","0.084","0.012","0.000","0.000","0.000","0.000","0.000","0.000","0.020","0.002","0.000","0.000","0.000","0.000","0.000","0.000","0.000","0.000","0.135","0.018","0.000","0.000","0.000","0.000","0.000","0.000","0.030","0.004","0.000","0.000","0.087","0.012","0.000","0.000","0.085","0.011","0.107","0.013","0.057","0.007","0.000","0.000","0.000","0.000","0.087","0.012","0.000","0.000","0.000","0.000","0.000","0.000","0.000","0.000","0.000","0.000","0.000","0.000"
"224","30","PHARMACEUTICAL PRODUCTS","TONGA","0.000","0.000","0.000","0.000","0.015","0.002","0.014","0.002","0.647","0.079","0.009","0.001","0.019","0.002","0.042","0.004","0.072","0.010","0.000","0.000","0.000","0.000","0.037","0.005","0.450","0.054","0.000","0.000","0.740","0.085","0.599","0.084","0.000","0.000","0.000","0.000","0.298","0.036","0.000","0.000","0.039","0.005","0.181","0.020","1.175","0.164","0.950","0.131","0.000","0.000","0.106","0.013","0.030","0.004","0.000","0.000","0.023","0.003","0.089","0.012","0.061","0.008","0.000","0.000","0.140","0.017","0.000","0.000","0.000","0.000","0.000","0.000","0.014","0.002","0.008","0.001","0.055","0.007","0.022","0.003","2.609","0.318","0.239","0.029","0.226","0.026","0.120","0.017","0.000","0.000","0.000","0.000","0.794","0.102","0.789","0.096","0.000","0.000","0.002","0.000","0.185","0.020","0.000","0.000","0.357","0.049","0.129","0.017","0.126","0.015","0.029","0.004","0.011","0.001","0.009","0.001","0.000","0.000","0.015","0.002","0.000","0.000","1.200","0.155","0.631","0.077","0.029","0.003","0.016","0.002","0.000","0.000","0.000","0.000","0.000","0.000","0.000","0.000","0.057","0.007","0.088","0.011","0.000","0.000","0.000","0.000","0.000","0.000","0.015","0.002","0.000","0.000","0.869","0.106","0.008","0.001","0.042","0.005","0.054","0.006","0.265","0.037","0.000","0.000","0.000","0.000","1.121","0.140","0.368","0.044","0.146","0.017","0.857","0.097"
"225","30","PHARMACEUTICAL PRODUCTS","CURACAO","0.000","0.000","0.000","0.000","0.000","0.000","0.000","0.000","0.000","0.000","0.000","0.000","0.000","0.000","0.000","0.000","0.000","0.000","0.000","0.000","0.000","0.000","0.000","0.000","0.000","0.000","0.000","0.000","0.000","0.000","0.000","0.000","0.000","0.000","0.000","0.000","0.000","0.000","0.000","0.000","0.313","0.037","0.000","0.000","0.000","0.000","0.000","0.000","0.000","0.000","0.000","0.000","0.000","0.000","0.022","0.003","0.000","0.000","0.000","0.000","0.000","0.000","0.000","0.000","0.000","0.000","0.000","0.000","0.000","0.000","0.000","0.000","0.000","0.000","0.000","0.000","0.000","0.000","0.000","0.000","0.000","0.000","0.008","0.001","0.000","0.000","0.000","0.000","0.000","0.000","0.000","0.000","0.000","0.000","0.000","0.000","0.005","0.001","0.000","0.000","0.000","0.000","0.000","0.000","0.000","0.000","0.000","0.000","0.000","0.000","0.000","0.000","0.087","0.010","0.000","0.000","0.000","0.000","0.000","0.000","0.000","0.000","0.000","0.000","0.000","0.000","0.000","0.000","0.000","0.000","0.000","0.000","0.000","0.000","0.000","0.000","0.000","0.000","0.000","0.000","0.000","0.000","0.000","0.000","0.000","0.000","0.000","0.000","0.000","0.000","0.000","0.000","0.000","0.000","0.000","0.000","0.000","0.000","0.000","0.000","0.000","0.000","0.000","0.000","0.000","0.000","0.000","0.000","0.000","0.000","0.000","0.000","0.000","0.000"
"","","","TOTAL","8,306.771","1,196.469","9,473.334","1,242.624","11,175.999","1,500.694","12,300.893","1,614.973","14,956.184","1,823.462","16,778.432","2,011.658","17,302.286","2,022.212","20,228.102","2,162.272","9,434.168","1,326.035","11,697.834","1,566.564","12,062.019","1,625.947","13,593.014","1,708.631","14,735.535","1,779.968","16,072.803","1,915.794","17,704.722","2,022.971","10,597.718","1,488.598","12,815.240","1,741.353","13,631.803","1,808.591","14,490.154","1,757.145","16,140.182","1,938.092","16,860.222","1,983.878","19,028.287","2,112.111","9,783.714","1,368.572","11,622.418","1,597.440","11,408.430","1,521.061","13,309.138","1,611.110","16,789.867","2,023.763","17,339.868","1,991.834","18,750.803","2,066.641","10,042.781","1,408.252","11,953.161","1,634.969","11,889.885","1,597.210","12,719.286","1,553.034","13,823.142","1,663.014","17,974.062","2,083.570","18,905.224","2,082.094","9,279.809","1,348.647","12,248.524","1,633.280","12,898.061","1,730.656","13,074.695","1,642.517","13,485.059","1,641.479","15,609.722","1,867.310","18,603.097","2,160.272","10,057.574","1,448.406","11,932.764","1,575.765","11,924.275","1,621.065","12,852.725","1,646.211","14,609.754","1,776.614","16,653.514","1,995.128","18,176.990","2,115.980","21,219.236","2,234.321","9,108.185","1,225.030","13,148.629","1,806.309","14,112.139","1,850.906","15,857.105","1,927.011","18,375.193","2,213.943","26,302.024","3,035.864","20,478.768","2,207.696","8,966.716","1,285.125","11,921.510","1,575.671","10,790.758","1,472.785","12,488.362","1,615.167","13,503.227","1,639.869","15,221.626","1,825.290","17,000.522","1,995.608","19,925.350","2,084.296","10,213.938","1,429.488","11,475.102","1,546.097","10,709.465","1,437.580","12,936.114","1,581.229","14,363.233","1,724.319","14,503.418","1,719.140","18,919.185","2,129.925","9,542.687","1,343.295","12,149.704","1,653.964","12,127.900","1,618.882","12,074.182","1,466.379","16,318.250","1,960.496","17,623.005","2,097.240","18,146.107","2,052.346","10,138.971","1,421.344","13,300.171","1,809.998","11,850.125","1,610.872","13,947.978","1,738.464","15,951.980","1,920.826","17,189.923","2,051.103","18,596.657","2,105.538"